일시,평균습도(%rh),최저습도(%rh)
2015-01-01,57,46
2015-01-02,59.8,41
2015-01-03,70.5,52
2015-01-04,91,76
2015-01-05,86.4,52
2015-01-06,63.5,42
2015-01-07,46.1,37
2015-01-08,63.3,43
2015-01-09,74.3,47
2015-01-10,74.3,50
2015-01-11,72.3,52
2015-01-12,53,41
2015-01-13,61.4,44
2015-01-14,60.4,43
2015-01-15,76.1,53
2015-01-16,85.6,70
2015-01-17,62.4,49
2015-01-18,83.9,63
2015-01-19,84.1,64
2015-01-20,78,55
2015-01-21,75.3,57
2015-01-22,78.1,66
2015-01-23,86.8,63
2015-01-24,82.9,67
2015-01-25,92.8,67
2015-01-26,94.3,79
2015-01-27,66,51
2015-01-28,63,53
2015-01-29,73.9,55
2015-01-30,66.5,51
2015-01-31,59.1,47
2015-02-01,58.5,40
2015-02-02,67,39
2015-02-03,82,52
2015-02-04,90,66
2015-02-05,80.3,62
2015-02-06,77.1,64
2015-02-07,84.8,63
2015-02-08,49.5,43
2015-02-09,69.5,39
2015-02-10,83.3,66
2015-02-11,76.9,40
2015-02-12,53.3,30
2015-02-13,60.4,34
2015-02-14,92,80
2015-02-15,75.4,56
2015-02-16,99,69
2015-02-17,91.3,73
2015-02-18,85,74
2015-02-19,80,64
2015-02-20,71.9,48
2015-02-21,88.1,61
2015-02-22,84.4,62
2015-02-23,76.6,60
2015-02-24,78.1,59
2015-02-25,73,40
2015-02-26,71.9,41
2015-02-27,51.4,40
2015-02-28,53.8,32
2015-03-01,76.5,54
2015-03-02,70.5,45
2015-03-03,80.5,47
2015-03-04,57.9,45
2015-03-05,59,39
2015-03-06,62.9,24
2015-03-07,76.3,48
2015-03-08,70.5,43
2015-03-09,65,41
2015-03-10,48.8,37
2015-03-11,61.4,35
2015-03-12,59.8,41
2015-03-13,67,33
2015-03-14,53.9,33
2015-03-15,79.1,32
2015-03-16,67.9,35
2015-03-17,76.9,50
2015-03-18,77.5,56
2015-03-19,71.3,48
2015-03-20,62.5,24
2015-03-21,61.9,38
2015-03-22,62.3,25
2015-03-23,41.4,24
2015-03-24,51.3,26
2015-03-25,75.4,31
2015-03-26,83.9,41
2015-03-27,90.4,57
2015-03-28,59.6,22
2015-03-29,94.5,65
2015-03-30,85,45
2015-03-31,96.8,88
2015-04-01,76.1,49
2015-04-02,80.1,60
2015-04-03,96.9,86
2015-04-04,67.1,44
2015-04-05,89.3,71
2015-04-06,75.6,39
2015-04-07,71.1,56
2015-04-08,70.3,52
2015-04-09,63,43
2015-04-10,60.4,34
2015-04-11,64.9,33
2015-04-12,46.6,21
2015-04-13,64.6,35
2015-04-14,99,99
2015-04-15,93.1,75
2015-04-16,80.8,60
2015-04-17,71.6,50
2015-04-18,40.5,17
2015-04-19,93,30
2015-04-20,88,60
2015-04-21,68.5,36
2015-04-22,73.1,58
2015-04-23,70.3,39
2015-04-24,66,32
2015-04-25,47.4,30
2015-04-26,52.8,26
2015-04-27,65.6,49
2015-04-28,60.5,27
2015-04-29,94.8,77
2015-04-30,80.3,58
2015-05-01,87.4,66
2015-05-02,88.1,62
2015-05-03,99,99
2015-05-04,57.8,23
2015-05-05,61.5,39
2015-05-06,58.5,26
2015-05-07,74,17
2015-05-08,92.1,72
2015-05-09,84,68
2015-05-10,63.6,31
2015-05-11,73.9,54
2015-05-12,96.8,81
2015-05-13,82.8,63
2015-05-14,90.4,75
2015-05-15,92,51
2015-05-16,64.5,35
2015-05-17,63.4,20
2015-05-18,74.9,47
2015-05-19,99,99
2015-05-20,77.6,55
2015-05-21,77.6,42
2015-05-22,78.6,55
2015-05-23,66,28
2015-05-24,69.9,34
2015-05-25,88.4,57
2015-05-26,88.9,51
2015-05-27,62.6,23
2015-05-28,55.4,25
2015-05-29,72.4,45
2015-05-30,98.8,73
2015-05-31,81.3,54
2015-06-01,73.1,40
2015-06-02,74,47
2015-06-03,53.5,27
2015-06-04,63.3,39
2015-06-05,74.5,46
2015-06-06,67.8,46
2015-06-07,72.1,43
2015-06-08,83.8,65
2015-06-09,96.9,84
2015-06-10,84.9,53
2015-06-11,82,45
2015-06-12,87.4,55
2015-06-13,85.9,69
2015-06-14,93.1,75
2015-06-15,90.8,67
2015-06-16,95,83
2015-06-17,93.4,75
2015-06-18,81.9,62
2015-06-19,77.9,58
2015-06-20,99,99
2015-06-21,88.6,58
2015-06-22,83.6,66
2015-06-23,91.1,73
2015-06-24,84.8,55
2015-06-25,94.3,70
2015-06-26,91,72
2015-06-27,80.4,56
2015-06-28,92.1,70
2015-06-29,92.4,71
2015-06-30,90.8,64
2015-07-01,90.9,64
2015-07-02,95.4,62
2015-07-03,86.8,55
2015-07-04,82.1,60
2015-07-05,84.6,50
2015-07-06,83.5,55
2015-07-07,79.9,49
2015-07-08,85.8,58
2015-07-09,81.6,62
2015-07-10,89,72
2015-07-11,86.8,65
2015-07-12,99,99
2015-07-13,99,99
2015-07-14,99,91
2015-07-15,84.3,61
2015-07-16,66,52
2015-07-17,65.5,46
2015-07-18,90.1,64
2015-07-19,91.1,66
2015-07-20,97.1,83
2015-07-21,97,83
2015-07-22,97.3,86
2015-07-23,98.8,92
2015-07-24,99,99
2015-07-25,99,99
2015-07-26,99,98
2015-07-27,99,99
2015-07-28,96.9,80
2015-07-29,99,99
2015-07-30,97.4,86
2015-07-31,98.8,92
2015-08-01,98.8,91
2015-08-02,99,99
2015-08-03,99,96
2015-08-04,99,94
2015-08-05,96.6,69
2015-08-06,93.1,64
2015-08-07,90.8,71
2015-08-08,96.9,85
2015-08-09,98.8,90
2015-08-10,95.4,80
2015-08-11,98,87
2015-08-12,91.6,62
2015-08-13,93.6,73
2015-08-14,92.6,68
2015-08-15,97.8,83
2015-08-16,94.5,72
2015-08-17,86.5,56
2015-08-18,79,57
2015-08-19,93.4,74
2015-08-20,96.5,83
2015-08-21,97.8,77
2015-08-22,93.4,70
2015-08-23,92.6,72
2015-08-24,79.4,61
2015-08-25,93.9,73
2015-08-26,88,69
2015-08-27,80.4,48
2015-08-28,89.6,66
2015-08-29,87.8,63
2015-08-30,88.9,58
2015-08-31,87.3,64
2015-09-01,78.6,53
2015-09-02,92.3,68
2015-09-03,92.9,72
2015-09-04,90.1,67
2015-09-05,95.6,85
2015-09-06,77.9,60
2015-09-07,64,44
2015-09-08,48.3,25
2015-09-09,54.6,41
2015-09-10,82.1,54
2015-09-11,94.5,75
2015-09-12,74.8,41
2015-09-13,69.6,40
2015-09-14,82.5,62
2015-09-15,59.3,31
2015-09-16,55.6,36
2015-09-17,61.1,37
2015-09-18,70.8,52
2015-09-19,82.4,53
2015-09-20,90.6,67
2015-09-21,87.9,66
2015-09-22,73.4,33
2015-09-23,82.5,54
2015-09-24,84.4,52
2015-09-25,87.9,59
2015-09-26,73.8,45
2015-09-27,55.5,33
2015-09-28,61.1,32
2015-09-29,50.8,25
2015-09-30,59,42
2015-10-01,88.3,58
2015-10-02,63.4,44
2015-10-03,62.8,25
2015-10-04,53.5,32
2015-10-05,62.5,34
2015-10-06,77.3,48
2015-10-07,92.6,75
2015-10-08,84.6,41
2015-10-09,51.6,23
2015-10-10,80.1,52
2015-10-11,85.8,61
2015-10-12,70.6,49
2015-10-13,82.6,53
2015-10-14,85.4,42
2015-10-15,85,49
2015-10-16,87.3,61
2015-10-17,89.3,53
2015-10-18,89.9,56
2015-10-19,91.6,61
2015-10-20,92.1,71
2015-10-21,94,69
2015-10-22,86.1,65
2015-10-23,87.3,69
2015-10-24,78.5,54
2015-10-25,71.3,44
2015-10-26,76.3,57
2015-10-27,78,51
2015-10-28,58.1,42
2015-10-29,55.6,32
2015-10-30,51.6,40
2015-10-31,51.1,39
2015-11-01,64,46
2015-11-02,75.6,58
2015-11-03,81.3,50
2015-11-04,82.4,51
2015-11-05,85.4,63
2015-11-06,76.3,50
2015-11-07,98,98
2015-11-08,98,98
2015-11-09,96.4,84
2015-11-10,93.9,81
2015-11-11,90,69
2015-11-12,77.6,59
2015-11-13,88.8,66
2015-11-14,98,98
2015-11-15,96.5,82
2015-11-16,94.9,73
2015-11-17,85.3,65
2015-11-18,87.8,70
2015-11-19,88.3,77
2015-11-20,86.8,70
2015-11-21,73,52
2015-11-22,84.4,65
2015-11-23,95.3,86
2015-11-24,85.5,66
2015-11-25,92.6,77
2015-11-26,78.6,64
2015-11-27,71.8,63
2015-11-28,80.8,58
2015-11-29,96.9,89
2015-11-30,85.3,59
2015-12-01,67.4,35
2015-12-02,81,49
2015-12-03,90.3,73
2015-12-04,80.8,69
2015-12-05,61.9,34
2015-12-06,55.5,35
2015-12-07,66.9,49
2015-12-08,72,50
2015-12-09,71.5,47
2015-12-10,90.3,72
2015-12-11,67.6,40
2015-12-12,58.9,44
2015-12-13,65.8,40
2015-12-14,86.4,64
2015-12-15,79.5,61
2015-12-16,66.9,51
2015-12-17,54.6,41
2015-12-18,69.1,60
2015-12-19,82.9,55
2015-12-20,73,59
2015-12-21,88.8,61
2015-12-22,88.9,73
2015-12-23,76.1,57
2015-12-24,78.8,61
2015-12-25,54.1,26
2015-12-26,85.1,52
2015-12-27,48.3,25
2015-12-28,55.3,32
2015-12-29,57.6,41
2015-12-30,77.9,56
2015-12-31,88,72
2016-01-01,83.9,68
2016-01-02,93.1,80
2016-01-03,98,98
2016-01-04,72.9,38
2016-01-05,46.3,30
2016-01-06,64.9,51
2016-01-07,61.6,43
2016-01-08,64.1,37
2016-01-09,70.5,57
2016-01-10,53.6,29
2016-01-11,52.4,34
2016-01-12,59.3,40
2016-01-13,74.3,49
2016-01-14,65.6,37
2016-01-15,61.1,44
2016-01-16,77.1,63
2016-01-17,79.6,64
2016-01-18,73.5,47
2016-01-19,61.4,49
2016-01-20,59.9,49
2016-01-21,61,45
2016-01-22,49.8,31
2016-01-23,57,42
2016-01-24,60.1,46
2016-01-25,61.5,39
2016-01-26,80.5,59
2016-01-27,71.9,53
2016-01-28,63.3,35
2016-01-29,55,39
2016-01-30,77,59
2016-01-31,52.8,36
2016-02-01,47.1,35
2016-02-02,51.4,36
2016-02-03,58.8,40
2016-02-04,67.8,34
2016-02-05,56.4,26
2016-02-06,53.4,40
2016-02-07,61.6,40
2016-02-08,82.5,65
2016-02-09,64.9,40
2016-02-10,51.5,37
2016-02-11,42.9,25
2016-02-12,98,86
2016-02-13,98,98
2016-02-14,80.4,64
2016-02-15,61.8,41
2016-02-16,77.8,59
2016-02-17,68.5,43
2016-02-18,89.4,75
2016-02-19,71.4,39
2016-02-20,54.1,34
2016-02-21,47,32
2016-02-22,46.9,29
2016-02-23,69.9,35
2016-02-24,55.4,38
2016-02-25,69.4,52
2016-02-26,63,27
2016-02-27,84.4,56
2016-02-28,79.6,54
2016-02-29,56,43
2016-03-01,59.8,39
2016-03-02,91,76
2016-03-03,83.9,66
2016-03-04,75.8,53
2016-03-05,97.6,94
2016-03-06,72.6,32
2016-03-07,60.4,36
2016-03-08,53.6,34
2016-03-09,49.4,29
2016-03-10,48.3,31
2016-03-11,55.5,33
2016-03-12,75.9,63
2016-03-13,84.8,68
2016-03-14,70.4,41
2016-03-15,62.4,37
2016-03-16,71.1,29
2016-03-17,59.4,35
2016-03-18,70.5,45
2016-03-19,76.8,47
2016-03-20,79.3,47
2016-03-21,84,50
2016-03-22,90.9,58
2016-03-23,63.9,33
2016-03-24,47.6,32
2016-03-25,69.5,37
2016-03-26,79.1,43
2016-03-27,81.1,45
2016-03-28,71.1,29
2016-03-29,83.9,60
2016-03-30,81.1,47
2016-03-31,45.5,15
2016-04-01,41.9,20
2016-04-02,62,38
2016-04-03,81.3,37
2016-04-04,58.1,27
2016-04-05,75.4,38
2016-04-06,60.8,28
2016-04-07,83,46
2016-04-08,97,79
2016-04-09,98,98
2016-04-10,92.5,47
2016-04-11,64.9,40
2016-04-12,64.8,38
2016-04-13,92.5,58
2016-04-14,98,97
2016-04-15,71.9,39
2016-04-16,74.3,36
2016-04-17,89.9,71
2016-04-18,88,44
2016-04-19,84.5,58
2016-04-20,77.5,31
2016-04-21,98,96
2016-04-22,98,94
2016-04-23,75.6,26
2016-04-24,56.1,28
2016-04-25,52.6,15
2016-04-26,52.6,28
2016-04-27,46.1,26
2016-04-28,59.6,31
2016-04-29,82.5,52
2016-04-30,67.1,53
2016-05-01,59.3,38
2016-05-02,81.1,47
2016-05-03,96.8,90
2016-05-04,61.4,40
2016-05-05,64.4,20
2016-05-06,98,87
2016-05-07,80.8,55
2016-05-08,65.9,36
2016-05-09,73.1,41
2016-05-10,96.3,73
2016-05-11,83.4,59
2016-05-12,90.6,72
2016-05-13,68.9,40
2016-05-14,63,30
2016-05-15,87.8,56
2016-05-16,79.1,52
2016-05-17,72.4,32
2016-05-18,58.1,34
2016-05-19,50.6,23
2016-05-20,62.9,39
2016-05-21,36,17
2016-05-22,43.5,31
2016-05-23,67.6,40
2016-05-24,98,73
2016-05-25,94.8,83
2016-05-26,96.9,86
2016-05-27,89.6,55
2016-05-28,80.4,42
2016-05-29,86.3,44
2016-05-30,85.5,64
2016-05-31,93.1,80
2016-06-01,66.3,39
2016-06-02,66.6,46
2016-06-03,71.8,44
2016-06-04,83.1,54
2016-06-05,69,43
2016-06-06,72,49
2016-06-07,91.8,70
2016-06-08,97.3,87
2016-06-09,85.6,62
2016-06-10,88.9,62
2016-06-11,95.6,82
2016-06-12,98,96
2016-06-13,95.6,83
2016-06-14,91.8,62
2016-06-15,96.1,83
2016-06-16,97.5,91
2016-06-17,89.4,65
2016-06-18,93.1,77
2016-06-19,93,78
2016-06-20,92.5,67
2016-06-21,93.3,75
2016-06-22,95.1,79
2016-06-23,95.1,85
2016-06-24,93.4,75
2016-06-25,86,54
2016-06-26,87,56
2016-06-27,81.5,45
2016-06-28,91.3,49
2016-06-29,88,60
2016-06-30,98,97
2016-07-01,98,98
2016-07-02,97.3,89
2016-07-03,95.9,75
2016-07-04,97,85
2016-07-05,98,98
2016-07-06,97.5,88
2016-07-07,91,72
2016-07-08,90.5,69
2016-07-09,89.1,60
2016-07-10,92.5,72
2016-07-11,89,61
2016-07-12,86.3,59
2016-07-13,97,84
2016-07-14,90.5,74
2016-07-15,78.5,62
2016-07-16,98,98
2016-07-17,98,98
2016-07-18,97.1,81
2016-07-19,90,69
2016-07-20,89.6,63
2016-07-21,86.5,68
2016-07-22,89.3,71
2016-07-23,95,85
2016-07-24,98,98
2016-07-25,98,94
2016-07-26,98,93
2016-07-27,98,98
2016-07-28,97.4,90
2016-07-29,98,85
2016-07-30,94.3,64
2016-07-31,97,83
2016-08-01,98,90
2016-08-02,97.9,87
2016-08-03,89,70
2016-08-04,93.1,72
2016-08-05,93.3,76
2016-08-06,89.9,72
2016-08-07,83.6,54
2016-08-08,92.3,71
2016-08-09,89,72
2016-08-10,89.9,68
2016-08-11,90.4,64
2016-08-12,92.1,70
2016-08-13,96.4,85
2016-08-14,98,91
2016-08-15,89.1,64
2016-08-16,91.9,74
2016-08-17,89.3,67
2016-08-18,85.3,53
2016-08-19,88.8,73
2016-08-20,86.3,58
2016-08-21,76.4,37
2016-08-22,87.5,65
2016-08-23,85.8,72
2016-08-24,82.6,57
2016-08-25,90,63
2016-08-26,67.8,41
2016-08-27,51.5,40
2016-08-28,69.5,51
2016-08-29,65.5,48
2016-08-30,75.1,58
2016-08-31,96.6,87
2016-09-01,91.8,71
2016-09-02,84.3,61
2016-09-03,90.9,67
2016-09-04,94.4,79
2016-09-05,90.9,67
2016-09-06,94.9,74
2016-09-07,91.5,74
2016-09-08,94.6,67
2016-09-09,90.8,68
2016-09-10,94.3,70
2016-09-11,90.8,69
2016-09-12,92.3,62
2016-09-13,87,66
2016-09-14,86.1,56
2016-09-15,92.5,76
2016-09-16,89.1,48
2016-09-17,79,53
2016-09-18,73,56
2016-09-19,69.3,47
2016-09-20,54.5,36
2016-09-21,58,39
2016-09-22,68,47
2016-09-23,81.5,54
2016-09-24,82.8,54
2016-09-25,83,55
2016-09-26,81.3,54
2016-09-27,95.4,81
2016-09-28,98,95
2016-09-29,85.1,67
2016-09-30,88.4,78
2016-10-01,93.5,77
2016-10-02,97.6,95
2016-10-03,89.1,55
2016-10-04,75.3,45
2016-10-05,82,62
2016-10-06,72.4,56
2016-10-07,85,61
2016-10-08,79.6,53
2016-10-09,57.4,43
2016-10-10,55.1,39
2016-10-11,79,44
2016-10-12,67.3,40
2016-10-13,58.4,33
2016-10-14,83,64
2016-10-15,78.5,45
2016-10-16,86.9,70
2016-10-17,94.4,73
2016-10-18,79.4,65
2016-10-19,87.6,69
2016-10-20,78.8,51
2016-10-21,73,60
2016-10-22,81.5,65
2016-10-23,82,67
2016-10-24,71.6,51
2016-10-25,91.4,77
2016-10-26,87.3,38
2016-10-27,63.3,48
2016-10-28,62.5,44
2016-10-29,40.6,29
2016-10-30,31,13
2016-10-31,61.8,40
2016-11-01,48.1,33
2016-11-02,57.9,28
2016-11-03,66.6,36
2016-11-04,74.1,63
2016-11-05,85.5,75
2016-11-06,65.6,45
2016-11-07,75,55
2016-11-08,57.3,40
2016-11-09,43.8,27
2016-11-10,61.8,38
2016-11-11,61.4,35
2016-11-12,66.4,48
2016-11-13,75,62
2016-11-14,81.1,58
2016-11-15,46.8,32
2016-11-16,50.4,27
2016-11-17,63,48
2016-11-18,60.5,43
2016-11-19,79,61
2016-11-20,51.3,18
2016-11-21,47.1,37
2016-11-22,49,29
2016-11-23,44.9,22
2016-11-24,41.4,30
2016-11-25,44.8,33
2016-11-26,76.4,46
2016-11-27,84.4,70
2016-11-28,55.8,38
2016-11-29,42.5,31
2016-11-30,64.6,44
2016-12-01,48.6,27
2016-12-02,54.8,40
2016-12-03,71.3,55
2016-12-04,68.4,53
2016-12-05,73.8,49
2016-12-06,40.6,20
2016-12-07,63.4,42
2016-12-08,69.1,50
2016-12-09,65.3,38
2016-12-10,51.5,36
2016-12-11,42.8,29
2016-12-12,43.6,29
2016-12-13,60.3,51
2016-12-14,57.8,49
2016-12-15,44.4,32
2016-12-16,48.4,30
2016-12-17,68.6,54
2016-12-18,68.5,62
2016-12-19,73.9,62
2016-12-20,77.8,67
2016-12-21,78.9,51
2016-12-22,91.3,73
2016-12-23,73.1,61
2016-12-24,68,60
2016-12-25,74.1,55
2016-12-26,73.1,55
2016-12-27,54,27
2016-12-28,53.5,40
2016-12-29,56.9,34
2016-12-30,58.3,36
2016-12-31,75,63
2017-01-01,78.6,68
2017-01-02,82.9,66
2017-01-03,68.8,49
2017-01-04,63.6,39
2017-01-05,53.5,48
2017-01-06,62.6,48
2017-01-07,74,58
2017-01-08,70.3,57
2017-01-09,66.3,44
2017-01-10,49.6,33
2017-01-11,42.6,25
2017-01-12,51,28
2017-01-13,52.6,29
2017-01-14,37.4,26
2017-01-15,41.1,31
2017-01-16,44.6,30
2017-01-17,57.8,33
2017-01-18,70,61
2017-01-19,66.4,31
2017-01-20,71.1,53
2017-01-21,71.5,54
2017-01-22,55.3,45
2017-01-23,53.5,45
2017-01-24,53.1,37
2017-01-25,55.9,37
2017-01-26,72.4,54
2017-01-27,47.3,34
2017-01-28,44.4,26
2017-01-29,77.1,40
2017-01-30,60,44
2017-01-31,45.5,27
2017-02-01,50.3,32
2017-02-02,56.4,29
2017-02-03,69.1,55
2017-02-04,76.5,61
2017-02-05,80.6,58
2017-02-06,53.6,45
2017-02-07,46.9,37
2017-02-08,52.3,35
2017-02-09,52.4,40
2017-02-10,48,38
2017-02-11,49.9,41
2017-02-12,55.5,37
2017-02-13,61.6,28
2017-02-14,53,24
2017-02-15,68,43
2017-02-16,68.6,44
2017-02-17,60.1,38
2017-02-18,51.8,28
2017-02-19,72.4,41
2017-02-20,56.8,39
2017-02-21,45.9,31
2017-02-22,80.9,38
2017-02-23,58.1,37
2017-02-24,55.5,23
2017-02-25,72.6,52
2017-02-26,60.8,25
2017-02-27,42,28
2017-02-28,47.8,27
2017-03-01,64.9,24
2017-03-02,62.8,43
2017-03-03,67.1,48
2017-03-04,69.4,41
2017-03-05,83.9,61
2017-03-06,48.5,27
2017-03-07,47.4,31
2017-03-08,57.9,44
2017-03-09,61.1,45
2017-03-10,48.8,22
2017-03-11,53.6,33
2017-03-12,73.5,50
2017-03-13,57.3,32
2017-03-14,42.9,22
2017-03-15,45.1,26
2017-03-16,59.1,27
2017-03-17,57.8,26
2017-03-18,61.4,22
2017-03-19,57.8,29
2017-03-20,57.4,38
2017-03-21,53.6,23
2017-03-22,49.5,27
2017-03-23,50.5,29
2017-03-24,46.3,35
2017-03-25,64.8,31
2017-03-26,79.1,48
2017-03-27,76.4,43
2017-03-28,75.1,46
2017-03-29,69.8,35
2017-03-30,65.5,40
2017-03-31,75.5,57
2017-04-01,69.3,44
2017-04-02,61.1,39
2017-04-03,67.6,46
2017-04-04,51.9,35
2017-04-05,69.1,32
2017-04-06,97.1,92
2017-04-07,80.9,62
2017-04-08,91.3,73
2017-04-09,62.8,40
2017-04-10,29.9,12
2017-04-11,51.4,25
2017-04-12,32.6,13
2017-04-13,67.8,15
2017-04-14,67.9,37
2017-04-15,75.1,53
2017-04-16,79.8,41
2017-04-17,76.3,53
2017-04-18,81.5,60
2017-04-19,51.1,33
2017-04-20,54.1,32
2017-04-21,75.4,54
2017-04-22,60.6,24
2017-04-23,51.3,27
2017-04-24,51.1,30
2017-04-25,72.1,53
2017-04-26,43,16
2017-04-27,56.4,22
2017-04-28,72.5,47
2017-04-29,56.9,26
2017-04-30,72.5,51
2017-05-01,74.1,44
2017-05-02,54.8,28
2017-05-03,53.9,20
2017-05-04,54.6,30
2017-05-05,63.3,40
2017-05-06,47.6,24
2017-05-07,62.6,19
2017-05-08,59.4,44
2017-05-09,72.3,44
2017-05-10,83.6,60
2017-05-11,73.3,60
2017-05-12,81.8,72
2017-05-13,83.4,57
2017-05-14,62.1,42
2017-05-15,74.8,51
2017-05-16,75.4,52
2017-05-17,70.5,43
2017-05-18,58.4,43
2017-05-19,57.1,35
2017-05-20,59.3,37
2017-05-21,60.8,44
2017-05-22,67.1,35
2017-05-23,77.1,56
2017-05-24,73.9,52
2017-05-25,55.9,22
2017-05-26,51.9,32
2017-05-27,57.4,33
2017-05-28,58,27
2017-05-29,75.9,56
2017-05-30,62.3,32
2017-05-31,77.8,52
2017-06-01,65.3,28
2017-06-02,48.1,27
2017-06-03,56.1,39
2017-06-04,51.1,32
2017-06-05,44.4,28
2017-06-06,64.4,42
2017-06-07,90.8,76
2017-06-08,80.3,69
2017-06-09,85.3,66
2017-06-10,53,23
2017-06-11,44.5,20
2017-06-12,55.3,36
2017-06-13,79,54
2017-06-14,80.4,62
2017-06-15,81.5,64
2017-06-16,72.4,50
2017-06-17,66.4,46
2017-06-18,72.5,39
2017-06-19,71.1,40
2017-06-20,56.5,36
2017-06-21,70.3,43
2017-06-22,74.1,45
2017-06-23,71.6,46
2017-06-24,70,44
2017-06-25,64.1,42
2017-06-26,76.6,51
2017-06-27,76.4,60
2017-06-28,76,55
2017-06-29,78.5,48
2017-06-30,80.6,53
2017-07-01,84.3,56
2017-07-02,96,93
2017-07-03,95.8,86
2017-07-04,87.9,67
2017-07-05,75.5,58
2017-07-06,79.6,58
2017-07-07,87.4,77
2017-07-08,91.4,86
2017-07-09,89,75
2017-07-10,97,94
2017-07-11,90.4,69
2017-07-12,88.3,67
2017-07-13,81.6,63
2017-07-14,78.9,61
2017-07-15,95.9,85
2017-07-16,91.3,76
2017-07-17,87,77
2017-07-18,88.6,70
2017-07-19,78.9,61
2017-07-20,79.5,59
2017-07-21,86.1,70
2017-07-22,88.8,75
2017-07-23,95.2,90
2017-07-24,93.3,87
2017-07-25,75.4,49
2017-07-26,68.5,51
2017-07-27,72.5,57
2017-07-28,95.4,87
2017-07-29,78.3,61
2017-07-30,75.8,40
2017-07-31,91.3,78
2017-08-01,80.5,62
2017-08-02,77.9,56
2017-08-03,63.8,41
2017-08-04,65.9,51
2017-08-05,71.1,51
2017-08-06,75.4,58
2017-08-07,79.9,57
2017-08-08,78.8,64
2017-08-09,72,47
2017-08-10,87.8,74
2017-08-11,77.6,61
2017-08-12,67.5,52
2017-08-13,68.3,61
2017-08-14,73.5,63
2017-08-15,95.3,74
2017-08-16,88.8,75
2017-08-17,85.6,61
2017-08-18,81.9,59
2017-08-19,79.6,65
2017-08-20,94.1,87
2017-08-21,87.8,78
2017-08-22,78.4,60
2017-08-23,93.4,80
2017-08-24,91.3,78
2017-08-25,70.3,35
2017-08-26,54,28
2017-08-27,63.9,47
2017-08-28,79.9,39
2017-08-29,52.1,29
2017-08-30,60.3,40
2017-08-31,70.8,49
2017-09-01,63.6,37
2017-09-02,68,50
2017-09-03,68.8,53
2017-09-04,56.9,34
2017-09-05,65.8,50
2017-09-06,82.5,60
2017-09-07,80.4,66
2017-09-08,76.3,42
2017-09-09,81.4,56
2017-09-10,80.6,68
2017-09-11,80.6,60
2017-09-12,60.4,31
2017-09-13,53.1,35
2017-09-14,50.5,35
2017-09-15,48.6,37
2017-09-16,50.8,42
2017-09-17,57.6,40
2017-09-18,68.6,46
2017-09-19,87.6,75
2017-09-20,51.3,38
2017-09-21,65.4,46
2017-09-22,67.5,45
2017-09-23,83.5,67
2017-09-24,80.6,63
2017-09-25,66.8,46
2017-09-26,66.1,45
2017-09-27,72.5,59
2017-09-28,53.3,30
2017-09-29,46,31
2017-09-30,73.4,63
2017-10-01,78.6,47
2017-10-02,65.3,43
2017-10-03,49.4,39
2017-10-04,49.3,41
2017-10-05,60.5,48
2017-10-06,64.4,47
2017-10-07,77.6,56
2017-10-08,76.9,56
2017-10-09,81.4,54
2017-10-10,86.3,70
2017-10-11,80.1,58
2017-10-12,64.4,55
2017-10-13,57.5,32
2017-10-14,49.6,26
2017-10-15,46.3,34
2017-10-16,53,32
2017-10-17,52.8,36
2017-10-18,61.5,50
2017-10-19,63.3,40
2017-10-20,67.3,31
2017-10-21,64.6,37
2017-10-22,57,38
2017-10-23,57.9,38
2017-10-24,62,38
2017-10-25,70.3,38
2017-10-26,67.9,45
2017-10-27,65.5,36
2017-10-28,64,43
2017-10-29,51,29
2017-10-30,36.4,24
2017-10-31,60.6,39
2017-11-01,81.1,62
2017-11-02,86.8,77
2017-11-03,70,42
2017-11-04,53.1,35
2017-11-05,56.3,46
2017-11-06,69,50
2017-11-07,69,48
2017-11-08,64.3,38
2017-11-09,50.4,34
2017-11-10,64.4,45
2017-11-11,49.9,38
2017-11-12,61.3,43
2017-11-13,68.6,53
2017-11-14,45.8,30
2017-11-15,49.9,33
2017-11-16,37,25
2017-11-17,45.4,31
2017-11-18,44.6,26
2017-11-19,42.5,28
2017-11-20,61.8,31
2017-11-21,63.9,46
2017-11-22,63.3,43
2017-11-23,54.8,41
2017-11-24,66.1,35
2017-11-25,77.1,61
2017-11-26,71.5,42
2017-11-27,58.4,37
2017-11-28,69.8,56
2017-11-29,52.3,27
2017-11-30,35.8,20
2017-12-01,59.1,24
2017-12-02,68.8,49
2017-12-03,83,66
2017-12-04,54.9,34
2017-12-05,48.8,30
2017-12-06,75.5,41
2017-12-07,68.8,35
2017-12-08,48.1,36
2017-12-09,50.9,37
2017-12-10,72.9,43
2017-12-11,48.4,35
2017-12-12,50.9,36
2017-12-13,44.4,33
2017-12-14,47.4,37
2017-12-15,56.3,28
2017-12-16,48,29
2017-12-17,44.5,31
2017-12-18,78.5,52
2017-12-19,54.1,30
2017-12-20,73,44
2017-12-21,72,43
2017-12-22,73.8,61
2017-12-23,83.5,59
2017-12-24,87.3,61
2017-12-25,51.5,37
2017-12-26,45.6,20
2017-12-27,35.8,26
2017-12-28,48.9,25
2017-12-29,74.8,64
2017-12-30,86.1,63
2017-12-31,58.9,36
2018-01-01,45.9,22
2018-01-02,46.3,25
2018-01-03,47.8,39
2018-01-04,47.1,41
2018-01-05,59.8,44
2018-01-06,51.6,36
2018-01-07,51.9,38
2018-01-08,62.4,39
2018-01-09,65.9,53
2018-01-10,56.8,37
2018-01-11,55.1,48
2018-01-12,50,39
2018-01-13,82,60
2018-01-14,70.1,54
2018-01-15,75.5,51
2018-01-16,75.4,50
2018-01-17,79.5,59
2018-01-18,71.1,33
2018-01-19,47.4,23
2018-01-20,67.3,45
2018-01-21,46.5,27
2018-01-22,61.5,35
2018-01-23,42.3,30
2018-01-24,37.6,30
2018-01-25,39,27
2018-01-26,41.5,31
2018-01-27,46.6,26
2018-01-28,41.3,20
2018-01-29,42.8,28
2018-01-30,65.9,41
2018-01-31,55.9,35
2018-02-01,48.3,28
2018-02-02,53.1,28
2018-02-03,51.6,40
2018-02-04,48.5,31
2018-02-05,43.4,33
2018-02-06,43.8,34
2018-02-07,49.5,33
2018-02-08,61.9,40
2018-02-09,54.3,25
2018-02-10,60,28
2018-02-11,52.6,24
2018-02-12,52.4,32
2018-02-13,60.4,47
2018-02-14,58,31
2018-02-15,36.8,19
2018-02-16,49.4,19
2018-02-17,35.6,21
2018-02-18,37.8,19
2018-02-19,63.5,45
2018-02-20,46.6,20
2018-02-21,40.9,18
2018-02-22,68.8,53
2018-02-23,88.1,73
2018-02-24,58.3,20
2018-02-25,52.9,28
2018-02-26,52.9,21
2018-02-27,58.8,38
2018-02-28,74.9,48
2018-03-01,66.1,43
2018-03-02,38.9,20
2018-03-03,41,9
2018-03-04,95.1,88
2018-03-05,72.8,48
2018-03-06,57.8,32
2018-03-07,60.5,37
2018-03-08,83.4,61
2018-03-09,72.8,51
2018-03-10,81.6,60
2018-03-11,82.1,37
2018-03-12,69.6,41
2018-03-13,70.3,45
2018-03-14,68.4,49
2018-03-15,95,73
2018-03-16,53.3,34
2018-03-17,53.1,37
2018-03-18,72.9,52
2018-03-19,69.6,45
2018-03-20,42.6,35
2018-03-21,67.6,38
2018-03-22,70.9,39
2018-03-23,72.1,37
2018-03-24,80.9,56
2018-03-25,89.5,68
2018-03-26,86.8,58
2018-03-27,76.6,54
2018-03-28,79.6,58
2018-03-29,81.6,61
2018-03-30,65.1,32
2018-03-31,65.3,41
2018-04-01,79,53
2018-04-02,74.9,54
2018-04-03,86.6,68
2018-04-04,73,45
2018-04-05,92,65
2018-04-06,74.1,41
2018-04-07,47.1,27
2018-04-08,66.8,34
2018-04-09,60,16
2018-04-10,60.5,33
2018-04-11,67.9,39
2018-04-12,49.1,17
2018-04-13,28.9,13
2018-04-14,82,22
2018-04-15,69.9,55
2018-04-16,47.1,26
2018-04-17,49.5,27
2018-04-18,45.8,25
2018-04-19,51.4,23
2018-04-20,57.1,33
2018-04-21,50.6,16
2018-04-22,67.9,43
2018-04-23,94.6,81
2018-04-24,67.1,42
2018-04-25,44.1,24
2018-04-26,64.9,41
2018-04-27,71.3,52
2018-04-28,65.6,33
2018-04-29,53,35
2018-04-30,78.4,60
2018-05-01,86.6,71
2018-05-02,91.3,71
2018-05-03,62.1,46
2018-05-04,54.3,33
2018-05-05,59.3,42
2018-05-06,88.3,64
2018-05-07,70.5,40
2018-05-08,52.5,40
2018-05-09,59,42
2018-05-10,83.9,67
2018-05-11,83.8,63
2018-05-12,89.5,50
2018-05-13,91,73
2018-05-14,81.5,63
2018-05-15,58.4,32
2018-05-16,94.5,70
2018-05-17,98.5,98
2018-05-18,90.4,74
2018-05-19,52.9,34
2018-05-20,33.6,23
2018-05-21,50,25
2018-05-22,81,57
2018-05-23,70.8,45
2018-05-24,57.5,35
2018-05-25,49.1,26
2018-05-26,63.8,43
2018-05-27,55.4,39
2018-05-28,62.6,42
2018-05-29,84.1,62
2018-05-30,88.1,72
2018-05-31,70.6,50
2018-06-01,64.5,38
2018-06-02,59,27
2018-06-03,55.5,26
2018-06-04,70,51
2018-06-05,57.3,36
2018-06-06,82.8,52
2018-06-07,84.8,68
2018-06-08,79.1,59
2018-06-09,78.6,47
2018-06-10,71.8,54
2018-06-11,77.9,54
2018-06-12,76,52
2018-06-13,75.6,55
2018-06-14,82.5,61
2018-06-15,65,47
2018-06-16,60.3,47
2018-06-17,79.8,64
2018-06-18,73.8,41
2018-06-19,83.8,52
2018-06-20,85.5,58
2018-06-21,81.1,59
2018-06-22,61.4,27
2018-06-23,70.4,46
2018-06-24,83.5,48
2018-06-25,68.6,36
2018-06-26,92.8,62
2018-06-27,92.4,79
2018-06-28,93.4,79
2018-06-29,90.5,68
2018-06-30,83.5,64
2018-07-01,95.6,82
2018-07-02,95.6,82
2018-07-03,79.4,54
2018-07-04,83.1,62
2018-07-05,80.1,66
2018-07-06,59,50
2018-07-07,57.5,43
2018-07-08,56.5,43
2018-07-09,87.8,66
2018-07-10,89.1,77
2018-07-11,86.4,72
2018-07-12,91,77
2018-07-13,87.3,67
2018-07-14,84.4,65
2018-07-15,82.1,59
2018-07-16,78.9,52
2018-07-17,81.4,63
2018-07-18,81,54
2018-07-19,81.1,60
2018-07-20,75.5,46
2018-07-21,70.5,42
2018-07-22,62.6,37
2018-07-23,65.1,50
2018-07-24,74.4,50
2018-07-25,79.3,65
2018-07-26,83.9,64
2018-07-27,81.8,60
2018-07-28,81.4,59
2018-07-29,60.9,44
2018-07-30,57.3,42
2018-07-31,59.3,44
2018-08-01,67.5,44
2018-08-02,64.3,47
2018-08-03,66,50
2018-08-04,77.1,55
2018-08-05,82.3,58
2018-08-06,82.4,58
2018-08-07,72.1,54
2018-08-08,79.9,47
2018-08-09,86.3,71
2018-08-10,71.1,45
2018-08-11,65.6,48
2018-08-12,62.5,50
2018-08-13,69.5,52
2018-08-14,64.9,42
2018-08-15,66.1,51
2018-08-16,53,42
2018-08-17,42,27
2018-08-18,49.9,34
2018-08-19,61.9,44
2018-08-20,64.4,45
2018-08-21,83,60
2018-08-22,67.9,46
2018-08-23,71.1,56
2018-08-24,87.3,76
2018-08-25,76.3,58
2018-08-26,77.6,47
2018-08-27,93.3,76
2018-08-28,95.1,83
2018-08-29,92.5,75
2018-08-30,84.4,67
2018-08-31,74.4,49
2018-09-01,62.6,41
2018-09-02,59.4,44
2018-09-03,85.5,71
2018-09-04,71.9,50
2018-09-05,68.4,43
2018-09-06,78,60
2018-09-07,56.5,32
2018-09-08,55,37
2018-09-09,57.9,39
2018-09-10,54.3,39
2018-09-11,50.1,39
2018-09-12,57.3,41
2018-09-13,65,48
2018-09-14,67.1,55
2018-09-15,82.9,65
2018-09-16,85.3,64
2018-09-17,70,51
2018-09-18,62.8,42
2018-09-19,69.5,58
2018-09-20,85.6,61
2018-09-21,89,73
2018-09-22,62.5,27
2018-09-23,56,35
2018-09-24,50,33
2018-09-25,49.6,23
2018-09-26,49.5,34
2018-09-27,52.8,31
2018-09-28,58.4,47
2018-09-29,61.6,37
2018-09-30,57,32
2018-10-01,59.1,36
2018-10-02,63.5,39
2018-10-03,65.6,38
2018-10-04,56.4,37
2018-10-05,87.4,59
2018-10-06,84.6,54
2018-10-07,53.8,26
2018-10-08,44,21
2018-10-09,55.5,36
2018-10-10,57.6,39
2018-10-11,48.8,33
2018-10-12,51.9,34
2018-10-13,58.5,35
2018-10-14,62,35
2018-10-15,71,55
2018-10-16,54.4,37
2018-10-17,49.1,23
2018-10-18,68,46
2018-10-19,62.3,34
2018-10-20,59.5,28
2018-10-21,58.9,34
2018-10-22,55.3,34
2018-10-23,75.5,60
2018-10-24,62,42
2018-10-25,63.5,34
2018-10-26,73,51
2018-10-27,51.8,40
2018-10-28,76.6,52
2018-10-29,57.9,39
2018-10-30,49.4,36
2018-10-31,54,38
2018-11-01,56.9,32
2018-11-02,65.5,35
2018-11-03,72.4,39
2018-11-04,71.4,34
2018-11-05,76.9,49
2018-11-06,85.1,66
2018-11-07,91.9,80
2018-11-08,96.6,87
2018-11-09,68.6,51
2018-11-10,72.4,41
2018-11-11,69,42
2018-11-12,58.6,39
2018-11-13,56,36
2018-11-14,64.3,46
2018-11-15,63.1,42
2018-11-16,69,47
2018-11-17,47.4,29
2018-11-18,54.3,38
2018-11-19,56.3,36
2018-11-20,46,19
2018-11-21,57,27
2018-11-22,39.1,18
2018-11-23,32.6,17
2018-11-24,75.3,17
2018-11-25,77.1,52
2018-11-26,71.6,50
2018-11-27,63.6,26
2018-11-28,30,13
2018-11-29,48.4,25
2018-11-30,53.3,25
2018-12-01,44.1,20
2018-12-02,53.9,44
2018-12-03,91.6,54
2018-12-04,72.1,43
2018-12-05,43.8,33
2018-12-06,52.3,35
2018-12-07,47.9,32
2018-12-08,41.4,22
2018-12-09,31.8,18
2018-12-10,41.5,27
2018-12-11,46.5,20
2018-12-12,41.8,26
2018-12-13,62.6,45
2018-12-14,48,34
2018-12-15,54.6,38
2018-12-16,68.4,48
2018-12-17,58.8,31
2018-12-18,62,41
2018-12-19,62.6,38
2018-12-20,53.6,32
2018-12-21,53.6,34
2018-12-22,61.5,42
2018-12-23,45.4,29
2018-12-24,42,16
2018-12-25,61.6,39
2018-12-26,42.6,20
2018-12-27,37.4,22
2018-12-28,41,27
2018-12-29,37.5,26
2018-12-30,42,28
2018-12-31,52.1,26
2019-01-01,57.6,46
2019-01-02,48.8,31
2019-01-03,45.6,23
2019-01-04,67.6,48
2019-01-05,43.4,23
2019-01-06,46.4,29
2019-01-07,59.4,39
2019-01-08,40.8,27
2019-01-09,37,25
2019-01-10,59.3,29
2019-01-11,71.8,51
2019-01-12,61.6,39
2019-01-13,66.9,29
2019-01-14,80.6,64
2019-01-15,67.1,43
2019-01-16,51.4,24
2019-01-17,47.9,16
2019-01-18,52.3,29
2019-01-19,72,50
2019-01-20,46,23
2019-01-21,63.3,45
2019-01-22,70.5,51
2019-01-23,57.5,23
2019-01-24,42.3,15
2019-01-25,37.5,24
2019-01-26,39.4,28
2019-01-27,60.4,37
2019-01-28,45.6,25
2019-01-29,45,24
2019-01-30,69.8,50
2019-01-31,33.4,21
2019-02-01,51.5,39
2019-02-02,61.4,49
2019-02-03,94,61
2019-02-04,43,24
2019-02-05,38.9,20
2019-02-06,62.8,39
2019-02-07,49.3,25
2019-02-08,37.5,31
2019-02-09,36.8,22
2019-02-10,37.9,33
2019-02-11,40.3,31
2019-02-12,46.9,28
2019-02-13,32.5,22
2019-02-14,36.6,24
2019-02-15,81.1,49
2019-02-16,61.5,48
2019-02-17,55.5,32
2019-02-18,56.5,35
2019-02-19,87.3,59
2019-02-20,71.6,56
2019-02-21,63,43
2019-02-22,66.6,37
2019-02-23,54.9,19
2019-02-24,65.8,33
2019-02-25,67.6,34
2019-02-26,46,27
2019-02-27,48.5,20
2019-02-28,62.5,33
2019-03-01,64.9,41
2019-03-02,57.4,33
2019-03-03,49,23
2019-03-04,63.9,36
2019-03-05,83.1,61
2019-03-06,70.5,58
2019-03-07,54.8,37
2019-03-08,57,28
2019-03-09,53.3,9
2019-03-10,37.8,12
2019-03-11,81.3,57
2019-03-12,61.8,28
2019-03-13,44.6,23
2019-03-14,58.3,16
2019-03-15,79.9,28
2019-03-16,74.9,51
2019-03-17,68.5,30
2019-03-18,53.6,24
2019-03-19,68.1,23
2019-03-20,85,50
2019-03-21,80,60
2019-03-22,44.1,25
2019-03-23,54.8,27
2019-03-24,57.5,39
2019-03-25,66,50
2019-03-26,72.8,40
2019-03-27,80.8,58
2019-03-28,61.6,25
2019-03-29,43,27
2019-03-30,78.5,44
2019-03-31,51.6,20
2019-04-01,47.5,17
2019-04-02,51.9,23
2019-04-03,60.3,19
2019-04-04,66.6,44
2019-04-05,56.9,21
2019-04-06,53.9,36
2019-04-07,50,13
2019-04-08,35.5,17
2019-04-09,51.6,17
2019-04-10,86.1,62
2019-04-11,73.9,49
2019-04-12,69.9,33
2019-04-13,42.5,14
2019-04-14,57.3,27
2019-04-15,48.4,20
2019-04-16,32.4,11
2019-04-17,55.9,20
2019-04-18,88.5,62
2019-04-19,66.1,39
2019-04-20,78.3,61
2019-04-21,92.6,72
2019-04-22,70.6,31
2019-04-23,67,48
2019-04-24,82.1,56
2019-04-25,87.5,56
2019-04-26,84.1,62
2019-04-27,59.5,42
2019-04-28,61.6,37
2019-04-29,54.4,41
2019-04-30,61.5,38
2019-05-01,65,32
2019-05-02,39,18
2019-05-03,53.9,33
2019-05-04,61,35
2019-05-05,55.4,25
2019-05-06,32.5,11
2019-05-07,57.5,34
2019-05-08,67,50
2019-05-09,65.1,39
2019-05-10,64.9,38
2019-05-11,62.4,27
2019-05-12,46.9,26
2019-05-13,52.4,29
2019-05-14,61.1,29
2019-05-15,68,37
2019-05-16,63,34
2019-05-17,58.5,41
2019-05-18,60.9,42
2019-05-19,96.9,59
2019-05-20,68.5,42
2019-05-21,69.4,39
2019-05-22,64.1,41
2019-05-23,62.9,27
2019-05-24,59,39
2019-05-25,62.4,29
2019-05-26,48.6,26
2019-05-27,86,49
2019-05-28,60.9,40
2019-05-29,63.4,42
2019-05-30,59.8,41
2019-05-31,64,43
2019-06-01,73.5,54
2019-06-02,57.8,27
2019-06-03,60,34
2019-06-04,67.3,46
2019-06-05,85,66
2019-06-06,92.5,64
2019-06-07,80.1,53
2019-06-08,66,48
2019-06-09,78.1,59
2019-06-10,70,49
2019-06-11,58.6,41
2019-06-12,72.9,49
2019-06-13,67.3,38
2019-06-14,70.9,43
2019-06-15,66.3,45
2019-06-16,65.4,46
2019-06-17,75.6,55
2019-06-18,79.9,55
2019-06-19,85.5,59
2019-06-20,84,54
2019-06-21,84.8,62
2019-06-22,55.6,38
2019-06-23,45.3,36
2019-06-24,67.8,42
2019-06-25,67.3,39
2019-06-26,66.9,51
2019-06-27,82,65
2019-06-28,84.4,59
2019-06-29,84.9,57
2019-06-30,90.6,72
2019-07-01,81.6,56
2019-07-02,83.6,57
2019-07-03,87,58
2019-07-04,82.3,39
2019-07-05,62,32
2019-07-06,48.8,26
2019-07-07,46.4,35
2019-07-08,49,34
2019-07-09,51.3,38
2019-07-10,67.5,48
2019-07-11,84.4,71
2019-07-12,83,66
2019-07-13,87.1,64
2019-07-14,80.9,53
2019-07-15,85,63
2019-07-16,85,60
2019-07-17,76.4,55
2019-07-18,70.8,54
2019-07-19,66.4,43
2019-07-20,73,57
2019-07-21,94.8,73
2019-07-22,92.5,74
2019-07-23,86.3,64
2019-07-24,95.5,89
2019-07-25,97.4,92
2019-07-26,98.4,98
2019-07-27,85.6,64
2019-07-28,96,88
2019-07-29,84,73
2019-07-30,87.6,75
2019-07-31,97.1,87
2019-08-01,93.5,78
2019-08-02,82.4,61
2019-08-03,75.5,58
2019-08-04,74.8,56
2019-08-05,73.8,51
2019-08-06,59.4,39
2019-08-07,75,54
2019-08-08,79.4,68
2019-08-09,72.6,56
2019-08-10,63,43
2019-08-11,57.6,41
2019-08-12,95.3,78
2019-08-13,81.8,60
2019-08-14,75.9,54
2019-08-15,80,64
2019-08-16,82,63
2019-08-17,74.6,52
2019-08-18,71.6,42
2019-08-19,70.9,45
2019-08-20,62.8,49
2019-08-21,71.4,56
2019-08-22,74,44
2019-08-23,62.8,43
2019-08-24,68.5,50
2019-08-25,71.9,51
2019-08-26,75.8,53
2019-08-27,76.6,60
2019-08-28,75,49
2019-08-29,79.8,64
2019-08-30,67.5,48
2019-08-31,69.4,48
2019-09-01,73.5,58
2019-09-02,65.8,35
2019-09-03,73.3,51
2019-09-04,91.4,75
2019-09-05,94.4,78
2019-09-06,88.8,70
2019-09-07,80.3,58
2019-09-08,85.8,72
2019-09-09,76.1,56
2019-09-10,95,69
2019-09-11,74,56
2019-09-12,77.5,59
2019-09-13,69.9,41
2019-09-14,86.1,68
2019-09-15,80,55
2019-09-16,60.3,34
2019-09-17,49,28
2019-09-18,49.8,29
2019-09-19,48,36
2019-09-20,55.5,42
2019-09-21,61.6,50
2019-09-22,61.1,56
2019-09-23,53.6,39
2019-09-24,65.5,33
2019-09-25,74.1,54
2019-09-26,61.1,37
2019-09-27,61.3,46
2019-09-28,69.1,48
2019-09-29,75,42
2019-09-30,83.4,55
2019-10-01,77.3,52
2019-10-02,85,67
2019-10-03,72.3,52
2019-10-04,77.9,59
2019-10-05,76.6,59
2019-10-06,60.5,45
2019-10-07,91.9,64
2019-10-08,56.6,29
2019-10-09,45.9,22
2019-10-10,60.8,46
2019-10-11,63.9,43
2019-10-12,52,36
2019-10-13,58.3,37
2019-10-14,57,36
2019-10-15,58.4,42
2019-10-16,67.1,43
2019-10-17,58.8,35
2019-10-18,57.9,44
2019-10-19,69.6,50
2019-10-20,75.8,53
2019-10-21,69,39
2019-10-22,64.4,46
2019-10-23,59.5,45
2019-10-24,54.5,36
2019-10-25,65.6,42
2019-10-26,63,51
2019-10-27,59.1,43
2019-10-28,68.3,48
2019-10-29,53.1,35
2019-10-30,61.4,44
2019-10-31,78.3,63
2019-11-01,52.4,21
2019-11-02,64,44
2019-11-03,59,38
2019-11-04,64.4,40
2019-11-05,70.9,47
2019-11-06,57.6,35
2019-11-07,46,25
2019-11-08,34.4,22
2019-11-09,53,28
2019-11-10,66,35
2019-11-11,72.3,53
2019-11-12,62.1,44
2019-11-13,70.4,42
2019-11-14,39.5,30
2019-11-15,85.6,46
2019-11-16,79.8,43
2019-11-17,84.8,67
2019-11-18,66.3,44
2019-11-19,56.8,43
2019-11-20,38.4,21
2019-11-21,37.3,28
2019-11-22,38.1,16
2019-11-23,61.9,46
2019-11-24,75.9,53
2019-11-25,62.1,52
2019-11-26,68.8,52
2019-11-27,51.5,37
2019-11-28,54.9,48
2019-11-29,42.5,20
2019-11-30,54,37
2019-12-01,77.5,56
2019-12-02,50.4,28
2019-12-03,70.3,48
2019-12-04,50.3,27
2019-12-05,41.9,26
2019-12-06,43,32
2019-12-07,67.9,49
2019-12-08,65.9,45
2019-12-09,66.1,50
2019-12-10,88.9,75
2019-12-11,65.8,45
2019-12-12,49.5,30
2019-12-13,55.6,37
2019-12-14,60.1,42
2019-12-15,62.5,43
2019-12-16,62,44
2019-12-17,82,58
2019-12-18,63.5,51
2019-12-19,54.8,34
2019-12-20,51.4,29
2019-12-21,68.9,42
2019-12-22,71.3,56
2019-12-23,82.3,70
2019-12-24,66.5,42
2019-12-25,64.8,31
2019-12-26,69.1,57
2019-12-27,51.6,30
2019-12-28,49.4,38
2019-12-29,56.8,37
2019-12-30,72.9,53
2019-12-31,49,36
2020-01-01,66.6,50
2020-01-02,69.8,64
2020-01-03,64.4,35
2020-01-04,64,43
2020-01-05,53,36
2020-01-06,70.6,48
2020-01-07,97,95
2020-01-08,86,72
2020-01-09,69.8,54
2020-01-10,69.9,43
2020-01-11,68.4,45
2020-01-12,65.3,47
2020-01-13,54.4,38
2020-01-14,53.5,32
2020-01-15,55.6,39
2020-01-16,49.4,28
2020-01-17,55.9,36
2020-01-18,51.9,27
2020-01-19,67.6,57
2020-01-20,56,30
2020-01-21,49.9,33
2020-01-22,53.4,28
2020-01-23,60.6,41
2020-01-24,65.4,52
2020-01-25,66.9,57
2020-01-26,55.3,34
2020-01-27,56.1,38
2020-01-28,55.5,39
2020-01-29,61,42
2020-01-30,59.9,35
2020-01-31,73.5,54
2020-02-01,67.3,53
2020-02-02,55,36
2020-02-03,50.5,26
2020-02-04,60.6,43
2020-02-05,43.6,30
2020-02-06,45.1,32
2020-02-07,54.4,25
2020-02-08,53.9,36
2020-02-09,58.3,34
2020-02-10,55.8,28
2020-02-11,43.5,20
2020-02-12,78.4,37
2020-02-13,88.6,73
2020-02-14,79.5,54
2020-02-15,77.4,41
2020-02-16,79.4,59
2020-02-17,64.4,52
2020-02-18,48.6,31
2020-02-19,60.4,43
2020-02-20,73.1,57
2020-02-21,73.4,46
2020-02-22,69.1,43
2020-02-23,55.3,36
2020-02-24,60.5,49
2020-02-25,77.5,60
2020-02-26,67,47
2020-02-27,65.6,45
2020-02-28,85,60
2020-02-29,81.3,57
2020-03-01,84.1,71
2020-03-02,58.8,42
2020-03-03,63.5,39
2020-03-04,60.9,44
2020-03-05,55.6,36
2020-03-06,53.5,20
2020-03-07,49.4,24
2020-03-08,54.3,26
2020-03-09,52.5,26
2020-03-10,78.1,52
2020-03-11,47.5,30
2020-03-12,60.5,28
2020-03-13,45,18
2020-03-14,58.6,40
2020-03-15,50.4,21
2020-03-16,54.1,26
2020-03-17,76,60
2020-03-18,57.4,25
2020-03-19,63.8,44
2020-03-20,55.9,38
2020-03-21,72.1,57
2020-03-22,44.3,16
2020-03-23,54.9,31
2020-03-24,43.9,25
2020-03-25,52.6,21
2020-03-26,61.3,34
2020-03-27,60.4,33
2020-03-28,26.5,13
2020-03-29,45.6,27
2020-03-30,52.6,21
2020-03-31,54.9,26
2020-04-01,40.1,21
2020-04-02,61.8,39
2020-04-03,69.8,33
2020-04-04,40.4,12
2020-04-05,33.9,17
2020-04-06,58,27
2020-04-07,70.1,35
2020-04-08,38,16
2020-04-09,56.4,31
2020-04-10,61.4,38
2020-04-11,74.6,42
2020-04-12,56.6,33
2020-04-13,40.1,13
2020-04-14,59,29
2020-04-15,47.3,23
2020-04-16,42.5,23
2020-04-17,80.5,43
2020-04-18,75.5,46
2020-04-19,77.8,44
2020-04-20,72.9,56
2020-04-21,45.6,27
2020-04-22,44.6,33
2020-04-23,49.6,27
2020-04-24,62.5,45
2020-04-25,58.6,41
2020-04-26,44.3,22
2020-04-27,56.6,27
2020-04-28,63.4,41
2020-04-29,52.3,29
2020-04-30,63.1,38
2020-05-01,82.1,62
2020-05-02,86.3,71
2020-05-03,74.4,45
2020-05-04,76,58
2020-05-05,77,53
2020-05-06,54.3,25
2020-05-07,33,16
2020-05-08,37,11
2020-05-09,94.9,80
2020-05-10,91.8,77
2020-05-11,71.8,52
2020-05-12,71,48
2020-05-13,56.6,38
2020-05-14,28.5,13
2020-05-15,82.8,28
2020-05-16,93.5,80
2020-05-17,85.1,62
2020-05-18,79.9,46
2020-05-19,71,47
2020-05-20,61,46
2020-05-21,59.6,41
2020-05-22,67.8,52
2020-05-23,67.5,46
2020-05-24,90.1,74
2020-05-25,89.6,73
2020-05-26,85.1,56
2020-05-27,74.6,55
2020-05-28,69.3,38
2020-05-29,69.5,47
2020-05-30,59.8,32
2020-05-31,69.9,43
2020-06-01,78.4,55
2020-06-02,77.9,44
2020-06-03,82.1,60
2020-06-04,92.4,75
2020-06-05,80.3,60
2020-06-06,74,50
2020-06-07,80.1,58
2020-06-08,68.4,45
2020-06-09,54.8,36
2020-06-10,69.1,41
2020-06-11,76.6,55
2020-06-12,81.3,69
2020-06-13,64.3,38
2020-06-14,73.8,43
2020-06-15,77.9,53
2020-06-16,74.4,54
2020-06-17,73.9,46
2020-06-18,78.3,57
2020-06-19,69.3,47
2020-06-20,75.9,51
2020-06-21,69,48
2020-06-22,64.5,34
2020-06-23,63.4,51
2020-06-24,88.5,57
2020-06-25,97.1,87
2020-06-26,89,72
2020-06-27,76.8,55
2020-06-28,85,60
2020-06-29,84.5,64
2020-06-30,89,65
2020-07-01,84.6,65
2020-07-02,78.3,56
2020-07-03,69.9,38
2020-07-04,79.8,57
2020-07-05,75.6,46
2020-07-06,72.4,57
2020-07-07,81.4,63
2020-07-08,83.8,63
2020-07-09,76.1,56
2020-07-10,76.6,61
2020-07-11,60.9,48
2020-07-12,73.9,59
2020-07-13,95.1,81
2020-07-14,77.6,63
2020-07-15,65,48
2020-07-16,73,54
2020-07-17,74.9,56
2020-07-18,75.6,60
2020-07-19,79.5,60
2020-07-20,87.4,76
2020-07-21,79.3,58
2020-07-22,96.1,81
2020-07-23,94.4,85
2020-07-24,71.5,56
2020-07-25,64.3,51
2020-07-26,71.9,52
2020-07-27,90.6,85
2020-07-28,84.8,69
2020-07-29,96.4,86
2020-07-30,90.3,72
2020-07-31,88.3,71
2020-08-01,93.6,83
2020-08-02,96,91
2020-08-03,95.6,90
2020-08-04,88.9,79
2020-08-05,87.1,70
2020-08-06,92.1,76
2020-08-07,82.8,67
2020-08-08,88.5,74
2020-08-09,93.3,81
2020-08-10,90.4,77
2020-08-11,90.6,73
2020-08-12,82.6,64
2020-08-13,82.1,69
2020-08-14,87.3,81
2020-08-15,94,92
2020-08-16,84.3,70
2020-08-17,81.5,61
2020-08-18,78.8,54
2020-08-19,79.1,59
2020-08-20,78,58
2020-08-21,81.6,68
2020-08-22,80.1,66
2020-08-23,73.4,54
2020-08-24,69.8,54
2020-08-25,67,49
2020-08-26,63.1,47
2020-08-27,85.6,66
2020-08-28,88,72
2020-08-29,86,68
2020-08-30,88.9,70
2020-08-31,70.6,58
2020-09-01,72.8,55
2020-09-02,90.8,81
2020-09-03,79.4,60
2020-09-04,59.8,39
2020-09-05,63.3,45
2020-09-06,76,56
2020-09-07,91.4,73
2020-09-08,70.8,52
2020-09-09,81.4,65
2020-09-10,80,57
2020-09-11,67.1,45
2020-09-12,86.5,72
2020-09-13,68.6,50
2020-09-14,76.3,60
2020-09-15,77.1,55
2020-09-16,81.6,61
2020-09-17,67,48
2020-09-18,59.8,30
2020-09-19,59.5,22
2020-09-20,59.5,38
2020-09-21,55.3,39
2020-09-22,48.9,29
2020-09-23,52.1,44
2020-09-24,54,42
2020-09-25,64.1,51
2020-09-26,60.3,40
2020-09-27,64.1,36
2020-09-28,68.4,47
2020-09-29,71.1,46
2020-09-30,75.6,56
2020-10-01,72,60
2020-10-02,80.6,60
2020-10-03,69.4,35
2020-10-04,62.3,41
2020-10-05,52,39
2020-10-06,49.6,28
2020-10-07,45.4,23
2020-10-08,48.8,31
2020-10-09,45.9,38
2020-10-10,56.6,40
2020-10-11,65.8,47
2020-10-12,65,41
2020-10-13,46.5,27
2020-10-14,50.1,23
2020-10-15,38.8,18
2020-10-16,61.8,47
2020-10-17,63.8,22
2020-10-18,63.8,47
2020-10-19,73.1,48
2020-10-20,72.8,35
2020-10-21,64,53
2020-10-22,63.8,37
2020-10-23,47.4,29
2020-10-24,46.1,25
2020-10-25,63.8,32
2020-10-26,66.9,38
2020-10-27,77.5,54
2020-10-28,51.1,23
2020-10-29,38.6,20
2020-10-30,42.3,21
2020-10-31,59.4,43
2020-11-01,82.4,61
2020-11-02,49.1,20
2020-11-03,42,31
2020-11-04,39.9,24
2020-11-05,61.5,45
2020-11-06,60.9,44
2020-11-07,68.9,36
2020-11-08,40.6,19
2020-11-09,36.4,21
2020-11-10,57.8,29
2020-11-11,56.3,37
2020-11-12,60.1,31
2020-11-13,78.5,60
2020-11-14,72.6,34
2020-11-15,83.3,64
2020-11-16,72.3,51
2020-11-17,63.3,49
2020-11-18,86.9,71
2020-11-19,85.4,73
2020-11-20,71.3,65
2020-11-21,68.4,39
2020-11-22,73,63
2020-11-23,54.9,39
2020-11-24,47.5,29
2020-11-25,56.6,39
2020-11-26,63,34
2020-11-27,58.6,47
2020-11-28,50.4,33
2020-11-29,57.1,43
2020-11-30,51.8,37
2020-12-01,44.4,19
2020-12-02,36.1,23
2020-12-03,46.4,33
2020-12-04,47.6,31
2020-12-05,56.8,48
2020-12-06,60.6,45
2020-12-07,55.8,36
2020-12-08,45.6,24
2020-12-09,47.3,22
2020-12-10,70.1,48
2020-12-11,74.8,52
2020-12-12,46.4,30
2020-12-13,72.3,46
2020-12-14,47.3,29
2020-12-15,43.3,29
2020-12-16,41.5,25
2020-12-17,46.1,25
2020-12-18,61.5,38
2020-12-19,40.4,24
2020-12-20,44.9,28
2020-12-21,58.4,33
2020-12-22,67.3,37
2020-12-23,76.3,60
2020-12-24,59.1,38
2020-12-25,49.4,32
2020-12-26,64.9,51
2020-12-27,61.3,40
2020-12-28,84.1,67
2020-12-29,71,49
2020-12-30,48.8,38
2020-12-31,52,37
2021-01-01,56.1,42
2021-01-02,38,28
2021-01-03,39.4,24
2021-01-04,44.8,31
2021-01-05,50,26
2021-01-06,49.4,14
2021-01-07,47.6,32
2021-01-08,42.6,32
2021-01-09,43.4,28
2021-01-10,50.4,30
2021-01-11,54.5,39
2021-01-12,81.8,55
2021-01-13,74.1,52
2021-01-14,36.1,17
2021-01-15,69.5,32
2021-01-16,59.3,40
2021-01-17,55.3,24
2021-01-18,59.4,31
2021-01-19,36,10
2021-01-20,29,14
2021-01-21,66.5,29
2021-01-22,92,84
2021-01-23,64.6,44
2021-01-24,59.3,43
2021-01-25,64.5,42
2021-01-26,80.1,62
2021-01-27,38,16
2021-01-28,50.9,36
2021-01-29,39.1,25
2021-01-30,63.3,40
2021-01-31,53.9,25
2021-02-01,79,45
2021-02-02,43.4,26
2021-02-03,65.5,43
2021-02-04,42.1,22
2021-02-05,71,59
2021-02-06,83.5,69
2021-02-07,68.4,26
2021-02-08,39.1,25
2021-02-09,50.9,25
2021-02-10,77.6,62
2021-02-11,76.1,48
2021-02-12,70.5,39
2021-02-13,74.6,41
2021-02-14,58.3,39
2021-02-15,63.6,31
2021-02-16,51.5,29
2021-02-17,43.9,30
2021-02-18,40.9,28
2021-02-19,62.5,50
2021-02-20,65.8,23
2021-02-21,67.9,48
2021-02-22,57.9,25
2021-02-23,32.6,22
2021-02-24,39.8,17
2021-02-25,42.4,22
2021-02-26,27.6,10
2021-02-27,41.6,25
2021-02-28,45.9,33
2021-03-01,89,49
2021-03-02,68.1,42
2021-03-03,64.6,34
2021-03-04,55.8,42
2021-03-05,70,43
2021-03-06,64.5,43
2021-03-07,60.6,45
2021-03-08,66.6,42
2021-03-09,69.9,18
2021-03-10,68.9,36
2021-03-11,58,24
2021-03-12,57.3,37
2021-03-13,66.5,41
2021-03-14,85.4,64
2021-03-15,69.8,43
2021-03-16,45.3,21
2021-03-17,45,27
2021-03-18,56.6,37
2021-03-19,49.6,32
2021-03-20,78.3,46
2021-03-21,63.4,41
2021-03-22,60.5,42
2021-03-23,69.5,53
2021-03-24,63.3,41
2021-03-25,80.6,55
2021-03-26,61.1,24
2021-03-27,65.6,32
2021-03-28,92,87
2021-03-29,75.9,53
2021-03-30,47.3,16
2021-03-31,46,22
2021-04-01,24.8,9
2021-04-02,28.3,17
2021-04-03,79.6,32
2021-04-04,64.8,35
2021-04-05,47.4,23
2021-04-06,57.9,29
2021-04-07,54.4,23
2021-04-08,37,20
2021-04-09,36.3,19
2021-04-10,50.1,21
2021-04-11,47.1,16
2021-04-12,65.3,28
2021-04-13,66.5,45
2021-04-14,53.5,23
2021-04-15,68.4,34
2021-04-16,61.5,42
2021-04-17,50.6,26
2021-04-18,60.8,38
2021-04-19,65.9,45
2021-04-20,60.6,20
2021-04-21,52.9,26
2021-04-22,35.9,24
2021-04-23,36.1,20
2021-04-24,47.1,19
2021-04-25,51,29
2021-04-26,53.3,27
2021-04-27,66.8,48
2021-04-28,78.9,46
2021-04-29,57.1,26
2021-04-30,81.5,61
2021-05-01,73.1,44
2021-05-02,66.6,37
2021-05-03,57.3,20
2021-05-04,82.4,47
2021-05-05,68,44
2021-05-06,36.6,23
2021-05-07,60,30
2021-05-08,63,39
2021-05-09,51.3,22
2021-05-10,75.8,45
2021-05-11,38.1,19
2021-05-12,33.1,19
2021-05-13,57.3,35
2021-05-14,64.8,38
2021-05-15,82.1,55
2021-05-16,95.8,94
2021-05-17,88.6,71
2021-05-18,66.9,42
2021-05-19,60.3,32
2021-05-20,64.3,32
2021-05-21,83.8,67
2021-05-22,68.1,41
2021-05-23,59.1,36
2021-05-24,69.4,36
2021-05-25,71.6,51
2021-05-26,54.9,19
2021-05-27,77.6,60
2021-05-28,76.9,59
2021-05-29,67.6,49
2021-05-30,62.4,27
2021-05-31,60.9,42
2021-06-01,62.9,41
2021-06-02,56.3,25
2021-06-03,74.8,52
2021-06-04,68.3,47
2021-06-05,72.4,61
2021-06-06,71.5,52
2021-06-07,64.5,43
2021-06-08,70.1,60
2021-06-09,60.3,34
2021-06-10,57.9,39
2021-06-11,82.1,65
2021-06-12,73.5,53
2021-06-13,81.4,61
2021-06-14,74.5,57
2021-06-15,69.4,53
2021-06-16,47.5,32
2021-06-17,68.3,51
2021-06-18,88,79
2021-06-19,73.5,53
2021-06-20,72.5,48
2021-06-21,71.9,46
2021-06-22,61,41
2021-06-23,63.1,48
2021-06-24,67.1,50
2021-06-25,69.4,46
2021-06-26,73.5,53
2021-06-27,60.9,34
2021-06-28,65.8,38
2021-06-29,67.8,49
2021-06-30,69.3,47
2021-07-01,67.9,45
2021-07-02,52,36
2021-07-03,68.1,48
2021-07-04,88.6,80
2021-07-05,73.4,56
2021-07-06,70.4,50
2021-07-07,76.5,61
2021-07-08,78.8,62
2021-07-09,71.3,53
2021-07-10,77.9,63
2021-07-11,83.6,76
2021-07-12,74.1,54
2021-07-13,65.1,52
2021-07-14,62.6,50
2021-07-15,64.4,46
2021-07-16,66.1,46
2021-07-17,61.6,42
2021-07-18,59,43
2021-07-19,64.9,46
2021-07-20,66,48
2021-07-21,63.8,43
2021-07-22,53.9,36
2021-07-23,55.1,42
2021-07-24,54.8,34
2021-07-25,49.4,27
2021-07-26,48.6,33
2021-07-27,51.9,38
2021-07-28,63.9,45
2021-07-29,61.6,35
2021-07-30,62,38
2021-07-31,67,50
2021-08-01,78.6,59
2021-08-02,76.5,63
2021-08-03,69.4,53
2021-08-04,66.8,52
2021-08-05,60.5,43
2021-08-06,62.4,47
2021-08-07,62.3,38
2021-08-08,70.4,46
2021-08-09,55.1,36
2021-08-10,59.6,48
2021-08-11,68.6,48
2021-08-12,61.6,42
2021-08-13,57.9,43
2021-08-14,52.1,36
2021-08-15,54.1,36
2021-08-16,58.5,41
2021-08-17,63.9,33
2021-08-18,64.8,37
2021-08-19,51.1,35
2021-08-20,63.6,45
2021-08-21,75.1,62
2021-08-22,72.6,60
2021-08-23,78.5,66
2021-08-24,80.9,72
2021-08-25,76,55
2021-08-26,79.9,65
2021-08-27,69.5,53
2021-08-28,74,58
2021-08-29,75.4,59
2021-08-30,70.8,55
2021-08-31,83.5,70
2021-09-01,72.5,54
2021-09-02,63.6,48
2021-09-03,54.3,37
2021-09-04,47.1,35
2021-09-05,48.4,41
2021-09-06,63,42
2021-09-07,90.1,81
2021-09-08,70.1,46
2021-09-09,75,50
2021-09-10,71.9,47
2021-09-11,68.3,47
2021-09-12,61.8,40
2021-09-13,56,38
2021-09-14,48.6,27
2021-09-15,44.4,32
2021-09-16,47.1,33
2021-09-17,50.4,35
2021-09-18,58.9,37
2021-09-19,57.3,44
2021-09-20,53.1,35
2021-09-21,77.5,54
2021-09-22,70.8,49
2021-09-23,63,41
2021-09-24,59.9,37
2021-09-25,63.4,54
2021-09-26,57.8,39
2021-09-27,56.1,43
2021-09-28,71,48
2021-09-29,85.5,77
2021-09-30,78.1,47
2021-10-01,70.6,44
2021-10-02,69.4,44
2021-10-03,64.3,47
2021-10-04,72.4,52
2021-10-05,77.5,64
2021-10-06,81.8,73
2021-10-07,77,67
2021-10-08,80.5,62
2021-10-09,73.1,60
2021-10-10,80,63
2021-10-11,63,52
2021-10-12,57.1,43
2021-10-13,61,40
2021-10-14,65.1,44
2021-10-15,60.9,41
2021-10-16,41,18
2021-10-17,28.1,18
2021-10-18,51.8,24
2021-10-19,64.5,39
2021-10-20,50.8,28
2021-10-21,53.6,33
2021-10-22,46.8,28
2021-10-23,50.3,28
2021-10-24,58.8,40
2021-10-25,62,38
2021-10-26,70.1,58
2021-10-27,54.8,29
2021-10-28,45,23
2021-10-29,47.4,33
2021-10-30,58.1,41
2021-10-31,75.1,52
2021-11-01,73.4,47
2021-11-02,70,47
2021-11-03,67,31
2021-11-04,82.8,60
2021-11-05,68,44
2021-11-06,52.4,27
2021-11-07,48.8,35
2021-11-08,80.9,47
2021-11-09,79.4,67
2021-11-10,69.6,53
2021-11-11,54.5,40
2021-11-12,48,35
2021-11-13,55.1,40
2021-11-14,64.9,40
2021-11-15,66.6,36
2021-11-16,54,31
2021-11-17,59.9,38
2021-11-18,77,57
2021-11-19,80,65
2021-11-20,82.4,55
2021-11-21,74.5,52
2021-11-22,56,38
2021-11-23,59.3,46
2021-11-24,53.9,39
2021-11-25,44.8,28
2021-11-26,48.4,27
2021-11-27,47,26
2021-11-28,49.9,16
2021-11-29,56,36
2021-11-30,75.3,50
2021-12-01,43.5,31
2021-12-02,47.4,38
2021-12-03,43.6,16
2021-12-04,39.1,24
2021-12-05,41.4,21
2021-12-06,49.3,26
2021-12-07,55.9,38
2021-12-08,64,32
2021-12-09,56.8,44
2021-12-10,73.1,58
2021-12-11,75.4,60
2021-12-12,52.9,23
2021-12-13,37.5,20
2021-12-14,61.8,40
2021-12-15,71,51
2021-12-16,66,43
2021-12-17,51.1,39
2021-12-18,55.8,26
2021-12-19,57,40
2021-12-20,76.3,59
2021-12-21,69.5,37
2021-12-22,45,32
2021-12-23,51.3,27
2021-12-24,62.9,48
2021-12-25,42.9,34
2021-12-26,47,30
2021-12-27,62.5,41
2021-12-28,70.4,48
2021-12-29,69.6,45
2021-12-30,50.6,30
2021-12-31,35.6,28
2022-01-01,43.4,31
2022-01-02,58,38
2022-01-03,56.9,26
2022-01-04,46,27
2022-01-05,45.1,35
2022-01-06,44.1,33
2022-01-07,50.4,26
2022-01-08,65.9,51
2022-01-09,72.8,49
2022-01-10,75.9,44
2022-01-11,55.1,39
2022-01-12,47.9,35
2022-01-13,45.5,34
2022-01-14,44.5,29
2022-01-15,50.3,39
2022-01-16,56.1,34
2022-01-17,56.9,41
2022-01-18,47.9,27
2022-01-19,65.3,49
2022-01-20,58.9,42
2022-01-21,57,38
2022-01-22,51.4,31
2022-01-23,49.4,40
2022-01-24,52,37
2022-01-25,74,45
2022-01-26,58.1,32
2022-01-27,49.5,37
2022-01-28,50,37
2022-01-29,47.4,30
2022-01-30,41.9,28
2022-01-31,56.4,30
2022-02-01,75.1,57
2022-02-02,59.4,42
2022-02-03,50.8,30
2022-02-04,51.9,38
2022-02-05,47.3,37
2022-02-06,48.6,35
2022-02-07,49.8,31
2022-02-08,55.5,27
2022-02-09,63.6,36
2022-02-10,62.8,41
2022-02-11,75.6,40
2022-02-12,61,35
2022-02-13,44.1,27
2022-02-14,71.4,50
2022-02-15,57.5,41
2022-02-16,49.6,38
2022-02-17,41.1,31
2022-02-18,45.4,24
2022-02-19,56.3,45
2022-02-20,42.3,27
2022-02-21,54.4,36
2022-02-22,40.8,32
2022-02-23,35.4,25
2022-02-24,51.5,24
2022-02-25,79.1,60
2022-02-26,80.6,60
2022-02-27,66.1,47
2022-02-28,65.1,35
2022-03-01,73.4,52
2022-03-02,64.4,34
2022-03-03,62.9,29
2022-03-04,67.4,42
2022-03-05,36.8,23
2022-03-06,38.9,22
2022-03-07,44.8,20
2022-03-08,61.6,49
2022-03-09,77.1,57
2022-03-10,63,30
2022-03-11,65.9,48
2022-03-12,77.1,54
2022-03-13,95.5,90
2022-03-14,91.6,83
2022-03-15,76.4,58
2022-03-16,69.9,50
2022-03-17,62.8,46
2022-03-18,55.8,49
2022-03-19,83.3,54
2022-03-20,64.4,42
2022-03-21,47.5,28
2022-03-22,53.4,40
2022-03-23,59.9,42
2022-03-24,71.8,62
2022-03-25,62.5,47
2022-03-26,80.5,50
2022-03-27,52.1,23
2022-03-28,39.3,25
2022-03-29,53.8,36
2022-03-30,72.9,49
2022-03-31,70.1,51
2022-04-01,59.8,23
2022-04-02,63,35
2022-04-03,57,32
2022-04-04,62.9,30
2022-04-05,50.5,26
2022-04-06,55.1,30
2022-04-07,52.4,21
2022-04-08,49,24
2022-04-09,44.8,36
2022-04-10,50.6,37
2022-04-11,65.4,50
2022-04-12,85.9,68
2022-04-13,70.5,51
2022-04-14,50.1,46
2022-04-15,49.9,36
2022-04-16,58.5,25
2022-04-17,69.3,42
2022-04-18,56.4,35
2022-04-19,70.8,47
2022-04-20,58,40
2022-04-21,48,21
2022-04-22,80.5,59
2022-04-23,71.1,38
2022-04-24,80.3,63
2022-04-25,80,65
2022-04-26,60.1,37
2022-04-27,37.8,22
2022-04-28,46,32
2022-04-29,68.9,52
2022-04-30,65.8,54
2022-05-01,63.5,39
2022-05-02,59.6,30
2022-05-03,48.1,28
2022-05-04,42.1,30
2022-05-05,51.9,37
2022-05-06,71.5,55
2022-05-07,54.3,19
2022-05-08,48.1,34
2022-05-09,59.6,29
2022-05-10,36.8,16
2022-05-11,60,40
2022-05-12,54,35
2022-05-13,41.9,29
2022-05-14,53.9,36
2022-05-15,44.9,23
2022-05-16,66.3,43
2022-05-17,69.3,50
2022-05-18,63.1,45
2022-05-19,60.3,50
2022-05-20,59.1,46
2022-05-21,81.3,67
2022-05-22,79.5,64
2022-05-23,75.4,58
2022-05-24,66.4,40
2022-05-25,81.8,64
2022-05-26,68.8,44
2022-05-27,71.4,54
2022-05-28,69.3,49
2022-05-29,74,53
2022-05-30,75.8,54
2022-05-31,54.1,29
2022-06-01,48.5,26
2022-06-02,76.1,59
2022-06-03,72,54
2022-06-04,72.5,57
2022-06-05,60,45
2022-06-06,65.4,46
2022-06-07,54.9,36
2022-06-08,70.1,52
2022-06-09,76,55
2022-06-10,77.5,59
2022-06-11,61.1,37
2022-06-12,63,45
2022-06-13,67.8,47
2022-06-14,50.1,36
2022-06-15,90.5,60
2022-06-16,78.5,59
2022-06-17,79.9,67
2022-06-18,82.9,71
2022-06-19,83.6,72
2022-06-20,81.8,61
2022-06-21,81,61
2022-06-22,81.4,64
2022-06-23,92.4,79
2022-06-24,94.9,88
2022-06-25,87.3,78
2022-06-26,85.6,81
2022-06-27,83.8,78
2022-06-28,85.9,79
2022-06-29,95.8,92
2022-06-30,97,95
2022-07-01,86,76
2022-07-02,80.8,66
2022-07-03,72.6,55
2022-07-04,71.4,55
2022-07-05,74.8,62
2022-07-06,72.5,56
2022-07-07,78.5,67
2022-07-08,88.6,78
2022-07-09,82.8,68
2022-07-10,75.1,49
2022-07-11,69.9,62
2022-07-12,72.1,63
2022-07-13,93.4,77
2022-07-14,87.9,73
2022-07-15,84.6,67
2022-07-16,83.6,68
2022-07-17,83.8,71
2022-07-18,78.8,60
2022-07-19,81.1,64
2022-07-20,80.4,60
2022-07-21,83.8,69
2022-07-22,82.6,75
2022-07-23,84.5,68
2022-07-24,87.8,80
2022-07-25,79,65
2022-07-26,74.6,55
2022-07-27,72.6,55
2022-07-28,64.5,50
2022-07-29,71,57
2022-07-30,61.8,47
2022-07-31,82.4,66
2022-08-01,85,69
2022-08-02,95.8,90
2022-08-03,94.6,89
2022-08-04,88.1,74
2022-08-05,87,75
2022-08-06,88.4,78
2022-08-07,85.6,78
2022-08-08,93,86
2022-08-09,97.4,96
2022-08-10,90.6,83
2022-08-11,90.8,84
2022-08-12,81.8,68
2022-08-13,86.3,72
2022-08-14,86.3,71
2022-08-15,86.8,80
2022-08-16,79.9,68
2022-08-17,77,59
2022-08-18,76.5,64
2022-08-19,86.4,75
2022-08-20,82.1,69
2022-08-21,78.9,58
2022-08-22,78,61
2022-08-23,72.3,53
2022-08-24,65.9,59
2022-08-25,74.1,50
2022-08-26,74.5,64
2022-08-27,55.3,43
2022-08-28,57.8,39
2022-08-29,70.3,58
2022-08-30,92.8,64
2022-08-31,81.8,67
2022-09-01,71.9,47
2022-09-02,57.6,42
2022-09-03,57.3,49
2022-09-04,82.5,62
2022-09-05,92.8,90
2022-09-06,77.9,52
2022-09-07,65.4,35
2022-09-08,72.6,54
2022-09-09,67.6,46
2022-09-10,43.8,30
2022-09-11,69.4,50
2022-09-12,78.1,66
2022-09-13,71.3,58
2022-09-14,55.3,40
2022-09-15,60.3,52
2022-09-16,75.1,60
2022-09-17,84.4,68
2022-09-18,74.1,51
2022-09-19,62.9,42
2022-09-20,51.4,37
2022-09-21,57.3,42
2022-09-22,58.1,39
2022-09-23,67.4,41
2022-09-24,63.4,46
2022-09-25,67.4,35
2022-09-26,63.8,32
2022-09-27,71.8,44
2022-09-28,76.8,56
2022-09-29,80.1,58
2022-09-30,80.5,60
2022-10-01,74.6,28
2022-10-02,74.6,50
2022-10-03,96.1,91
2022-10-04,75.1,57
2022-10-05,69.3,51
2022-10-06,72.5,61
2022-10-07,57,33
2022-10-08,57,37
2022-10-09,80.5,62
2022-10-10,69.1,58
2022-10-11,61.5,37
2022-10-12,65.3,44
2022-10-13,66.6,46
2022-10-14,74.8,51
2022-10-15,71.1,49
2022-10-16,75.6,56
2022-10-17,44.4,25
2022-10-18,45.9,32
2022-10-19,52,31
2022-10-20,65.6,40
2022-10-21,70.5,42
2022-10-22,79.1,57
2022-10-23,59.1,25
2022-10-24,45.5,27
2022-10-25,53.9,35
2022-10-26,54.8,38
2022-10-27,68.6,54
2022-10-28,71.9,55
2022-10-29,68.4,48
2022-10-30,67.6,47
2022-10-31,70,53
2022-11-01,73,35
2022-11-02,53.9,25
2022-11-03,55.4,40
2022-11-04,39.5,25
2022-11-05,48.4,24
2022-11-06,58.1,38
2022-11-07,64.4,36
2022-11-08,76.3,45
2022-11-09,80.4,62
2022-11-10,76,53
2022-11-11,58.5,42
2022-11-12,76.1,51
2022-11-13,77.8,64
2022-11-14,70,44
2022-11-15,71.9,53
2022-11-16,68,27
2022-11-17,67,48
2022-11-18,70.5,40
2022-11-19,54.4,33
2022-11-20,65.1,52
2022-11-21,73.5,60
2022-11-22,75.9,64
2022-11-23,61,38
2022-11-24,68.5,56
2022-11-25,67.9,41
2022-11-26,47.4,33
2022-11-27,38.9,25
2022-11-28,68.8,30
2022-11-29,58.8,34
2022-11-30,48.6,33
2022-12-01,43.1,28
2022-12-02,35.9,22
2022-12-03,70.5,46
2022-12-04,34.1,24
2022-12-05,42.6,28
2022-12-06,62.9,48
2022-12-07,58.8,42
2022-12-08,51.4,27
2022-12-09,56.4,42
2022-12-10,42.9,26
2022-12-11,49.3,31
2022-12-12,68,54
2022-12-13,67.8,54
2022-12-14,52.1,45
2022-12-15,75,56
2022-12-16,47.4,33
2022-12-17,52.5,38
2022-12-18,47.6,37
2022-12-19,50.5,44
2022-12-20,50.3,37
2022-12-21,78.8,45
2022-12-22,61.4,48
2022-12-23,60.6,54
2022-12-24,54.1,41
2022-12-25,62.3,50
2022-12-26,62.1,43
2022-12-27,66.6,50
2022-12-28,55.4,33
2022-12-29,54.6,36
2022-12-30,68.3,46
2022-12-31,62.4,46
2023-01-01,52.1,27
2023-01-02,45.3,33
2023-01-03,44.6,33
2023-01-04,51.3,37
2023-01-05,67.4,53
2023-01-06,70.1,50
2023-01-07,74.6,60
2023-01-08,63.8,48
2023-01-09,57,38
2023-01-10,61.8,45
2023-01-11,69.8,44
2023-01-12,53.1,34
2023-01-13,95.6,41
2023-01-14,95.4,90
2023-01-15,91.5,83
2023-01-16,58.3,44
2023-01-17,61,47
2023-01-18,60.3,30
2023-01-19,61.8,49
2023-01-20,46.4,32
2023-01-21,48.9,31
2023-01-22,51.8,40
2023-01-23,67.9,49
2023-01-24,51.8,40
2023-01-25,46,27
2023-01-26,75.9,53
2023-01-27,52.9,38
2023-01-28,49.8,35
2023-01-29,56.6,43
2023-01-30,54.8,32
2023-01-31,68.1,50
2023-02-01,70.3,39
2023-02-02,50.8,36
2023-02-03,50.1,25
2023-02-04,57.1,40
2023-02-05,73.5,58
2023-02-06,75.5,56
2023-02-07,78.1,57
2023-02-08,58.9,33
2023-02-09,47.3,28
2023-02-10,79.3,67
2023-02-11,75.8,58
2023-02-12,70.5,58
2023-02-13,68,59
2023-02-14,47.8,38
2023-02-15,48.3,34
2023-02-16,69.6,51
2023-02-17,71.5,49
2023-02-18,68.4,58
2023-02-19,60.5,27
2023-02-20,44.8,24
2023-02-21,45.6,31
2023-02-22,59.9,35
2023-02-23,72.6,54
2023-02-24,61,31
2023-02-25,42.3,23
2023-02-26,51.6,28
2023-02-27,60.8,22
2023-02-28,68.9,62
2023-03-01,59.9,26
2023-03-02,39.3,23
2023-03-03,68.8,55
2023-03-04,74.6,54
2023-03-05,54.4,20
2023-03-06,53.8,29
2023-03-07,68.4,56
2023-03-08,67.5,41
2023-03-09,90.8,79
2023-03-10,69.5,33
2023-03-11,58.3,27
2023-03-12,68.3,33
2023-03-13,41.5,24
2023-03-14,54.5,34
2023-03-15,66.5,42
2023-03-16,37,17
2023-03-17,37.6,20
2023-03-18,47.9,25
2023-03-19,81.1,55
2023-03-20,65.1,20
2023-03-21,45.8,26
2023-03-22,50.6,29
2023-03-23,50.8,30
2023-03-24,34.5,28
2023-03-25,63.4,46
2023-03-26,29.6,14
2023-03-27,56.1,29
2023-03-28,61.3,20
2023-03-29,65.1,33
2023-03-30,52.9,22
2023-03-31,52.8,28
2023-04-01,50,26
2023-04-02,25.4,12
2023-04-03,24.8,14
2023-04-04,37.3,16
2023-04-05,95.9,89
2023-04-06,94.8,88
2023-04-07,65.8,38
2023-04-08,59.4,23
2023-04-09,65.4,39
2023-04-10,49.3,40
2023-04-11,70.6,32
2023-04-12,49.3,22
2023-04-13,40,17
2023-04-14,63.3,33
2023-04-15,86.9,76
2023-04-16,77.8,53
2023-04-17,63,42
2023-04-18,76.8,40
2023-04-19,69.5,38
2023-04-20,92.8,84
2023-04-21,38.4,16
2023-04-22,17.4,9
2023-04-23,32.3,17
2023-04-24,42.5,23
2023-04-25,64.9,49
2023-04-26,70.9,52
2023-04-27,70,42
2023-04-28,63,38
2023-04-29,86.5,64
2023-04-30,74.6,43
2023-05-01,66.5,30
2023-05-02,43.9,20
2023-05-03,50.4,20
2023-05-04,64.6,47
2023-05-05,91.9,61
2023-05-06,82.3,52
2023-05-07,46.9,31
2023-05-08,59.3,31
2023-05-09,69.3,50
2023-05-10,61.5,34
2023-05-11,53.9,30
2023-05-12,57,18
2023-05-13,70.9,41
2023-05-14,62,41
2023-05-15,56.4,35
2023-05-16,59.3,47
2023-05-17,74.3,51
2023-05-18,74.9,53
2023-05-19,61.8,42
2023-05-20,75.3,54
2023-05-21,88.4,76
2023-05-22,67.9,48
2023-05-23,57.9,35
2023-05-24,54.5,35
2023-05-25,53.9,27
2023-05-26,57,42
2023-05-27,89,69
2023-05-28,96.6,94
2023-05-29,90.6,79
2023-05-30,76.5,54
2023-05-31,64.6,50
2023-06-01,74.8,56
2023-06-02,82.6,71
2023-06-03,61.6,34
2023-06-04,72.9,46
2023-06-05,76.1,63
2023-06-06,77.1,56
2023-06-07,80.5,70
2023-06-08,84.4,69
2023-06-09,77.4,45
2023-06-10,74.1,51
2023-06-11,78.1,53
2023-06-12,78,59
2023-06-13,76.6,63
2023-06-14,76,59
2023-06-15,78,59
2023-06-16,69,45
2023-06-17,71.1,44
2023-06-18,71.4,49
2023-06-19,64.6,48
2023-06-20,63,47
2023-06-21,87.1,74
2023-06-22,78.5,60
2023-06-23,80.8,65
2023-06-24,73,52
2023-06-25,65.8,54
2023-06-26,88.4,63
2023-06-27,81.1,61
2023-06-28,85.6,71
2023-06-29,95.4,91
2023-06-30,90.4,77
2023-07-01,82,68
2023-07-02,86.3,72
2023-07-03,78.6,61
2023-07-04,93.6,81
2023-07-05,88.6,76
2023-07-06,76.9,64
2023-07-07,70.3,47
2023-07-08,81.8,68
2023-07-09,89.4,83
2023-07-10,84.6,72
2023-07-11,92.1,83
2023-07-12,89.5,76
2023-07-13,95,90
2023-07-14,98.1,96
2023-07-15,95.3,90
2023-07-16,93,87
2023-07-17,89.4,82
2023-07-18,89.9,77
2023-07-19,82.6,65
2023-07-20,77,60
2023-07-21,70.1,47
2023-07-22,77.5,49
2023-07-23,95.9,92
2023-07-24,89,79
2023-07-25,86.1,75
2023-07-26,84.6,76
2023-07-27,79,61
2023-07-28,74.4,59
2023-07-29,72.5,63
2023-07-30,68.5,52
2023-07-31,77.9,64
2023-08-01,75.4,62
2023-08-02,77.4,55
2023-08-03,73.4,57
2023-08-04,69.8,58
2023-08-05,73.8,54
2023-08-06,79,63
2023-08-07,72.1,56
2023-08-08,63.3,52
2023-08-09,64.6,55
2023-08-10,90.3,67
2023-08-11,93.1,74
2023-08-12,92.5,85
2023-08-13,79.1,58
2023-08-14,77.5,59
2023-08-15,78.5,62
2023-08-16,76.9,63
2023-08-17,73.9,58
2023-08-18,74,61
2023-08-19,75,58
2023-08-20,81.1,67
2023-08-21,76.6,59
2023-08-22,86.3,74
2023-08-23,94,90
2023-08-24,92.5,84
2023-08-25,82.8,64
2023-08-26,79.3,53
2023-08-27,80.5,68
2023-08-28,88.3,80
2023-08-29,91.3,82
2023-08-30,84.9,75
2023-08-31,78,60
2023-09-01,73,47
2023-09-02,71.1,53
2023-09-03,77,71
2023-09-04,80.4,67
2023-09-05,77,63
2023-09-06,69.8,47
2023-09-07,50.4,33
2023-09-08,61.8,45
2023-09-09,70.4,43
2023-09-10,72.8,53
2023-09-11,72,50
2023-09-12,73,56
2023-09-13,87.1,74
2023-09-14,74.1,62
2023-09-15,82,66
2023-09-16,87.1,75
2023-09-17,87.1,74
2023-09-18,83,65
2023-09-19,87.1,74
2023-09-20,90.6,78
2023-09-21,71.9,61
2023-09-22,70.4,39
2023-09-23,64.3,38
2023-09-24,53.1,38
2023-09-25,64.5,49
2023-09-26,94.4,81
2023-09-27,90.4,80
2023-09-28,80.1,63
2023-09-29,61.9,36
2023-09-30,71.1,43
2023-10-01,57.1,38
2023-10-02,51.1,29
2023-10-03,62.9,49
2023-10-04,70.8,43
2023-10-05,40.8,31
2023-10-06,46.8,35
2023-10-07,54.6,40
2023-10-08,64.3,59
2023-10-09,66.9,53
2023-10-10,75.8,55
2023-10-11,60.6,41
2023-10-12,63.8,43
2023-10-13,69.4,51
2023-10-14,78.9,58
2023-10-15,76.3,57
2023-10-16,53.8,35
2023-10-17,50.8,26
2023-10-18,71.6,50
2023-10-19,78.8,58
2023-10-20,44.8,37
2023-10-21,49.9,36
2023-10-22,62.1,45
2023-10-23,74.4,51
2023-10-24,81.1,66
2023-10-25,79.5,60
2023-10-26,86.4,76
2023-10-27,63.6,49
2023-10-28,65.9,27
2023-10-29,62.4,28
2023-10-30,75,56
2023-10-31,83.1,65
2023-11-01,87.3,81
2023-11-02,78.8,60
2023-11-03,84.5,68
2023-11-04,70.3,63
2023-11-05,87,70
2023-11-06,81.1,48
2023-11-07,59.6,49
2023-11-08,57.5,34
2023-11-09,66.4,43
2023-11-10,51.8,31
2023-11-11,48.8,34
2023-11-12,56.6,43
2023-11-13,55.1,40
2023-11-14,67,52
2023-11-15,71,56
2023-11-16,81.9,63
2023-11-17,60.5,33
2023-11-18,62.5,51
2023-11-19,69,47
2023-11-20,56,33
2023-11-21,64.6,39
2023-11-22,71.4,59
2023-11-23,76.6,64
2023-11-24,56.4,41
2023-11-25,46.5,30
2023-11-26,44.8,33
2023-11-27,80.9,57
2023-11-28,59.6,36
2023-11-29,60.5,46
2023-11-30,51.4,41
2023-12-01,55.8,39
2023-12-02,59.9,47
2023-12-03,56.1,39
2023-12-04,59,37
2023-12-05,55,46
2023-12-06,72.4,53
2023-12-07,63,47
2023-12-08,72.8,61
2023-12-09,86.9,80
2023-12-10,52.5,39
2023-12-11,84.8,68
2023-12-12,77,64
2023-12-13,72.3,63
2023-12-14,85.8,63
2023-12-15,94.8,90
2023-12-16,71.8,54
2023-12-17,51.6,38
2023-12-18,44.9,37
2023-12-19,62.6,38
2023-12-20,66.8,52
2023-12-21,60.8,48
2023-12-22,56.3,49
2023-12-23,57,42
2023-12-24,78.4,62
2023-12-25,74.6,57
2023-12-26,70.8,50
2023-12-27,78.5,55
2023-12-28,71.6,61
2023-12-29,72.9,64
2023-12-30,89.1,72
2023-12-31,89.6,80
2024-01-01,87.1,75
2024-01-02,73.9,59
2024-01-03,78.5,61
2024-01-04,68.5,59
2024-01-05,77.1,66
2024-01-06,68.8,40
2024-01-07,56.5,37
2024-01-08,59.3,46
2024-01-09,84.9,62
2024-01-10,85,74
2024-01-11,80.4,66
2024-01-12,59.8,29
2024-01-13,50,29
2024-01-14,71.6,54
2024-01-15,45.3,33
2024-01-16,46.9,32
2024-01-17,80.3,54
2024-01-18,78.4,67
2024-01-19,61.6,52
2024-01-20,70.3,55
2024-01-21,79.3,69
2024-01-22,66.5,60
2024-01-23,57.3,52
2024-01-24,52.4,43
2024-01-25,45.1,35
2024-01-26,63.9,44
2024-01-27,68.8,41
2024-01-28,64.5,51
2024-01-29,70.4,47
2024-01-30,61.3,35
2024-01-31,58.5,19
2024-02-01,67.8,56
2024-02-02,74.8,61
2024-02-03,70.8,53
2024-02-04,65.3,55
2024-02-05,88.9,57
2024-02-06,86.9,77
2024-02-07,77.8,59
2024-02-08,66.6,44
2024-02-09,67.4,47
2024-02-10,72.5,38
2024-02-11,69.3,53
2024-02-12,63.8,38
2024-02-13,70.1,62
2024-02-14,80.8,69
2024-02-15,81.4,51
2024-02-16,63,44
2024-02-17,73.3,62
2024-02-18,81.8,54
2024-02-19,95.3,83
2024-02-20,83.6,75
2024-02-21,92.5,79
2024-02-22,87.4,78
2024-02-23,69.3,52
2024-02-24,66.6,46
2024-02-25,82.4,63
2024-02-26,68.3,47
2024-02-27,50.8,38
2024-02-28,61.8,50
2024-02-29,62.9,35
2024-03-01,41,28
2024-03-02,62.1,47
2024-03-03,75,60
2024-03-04,42.3,22
2024-03-05,47.1,31
2024-03-06,64.1,47
2024-03-07,63.8,48
2024-03-08,52.3,31
2024-03-09,51.6,31
2024-03-10,60.1,32
2024-03-11,61.6,33
2024-03-12,71.5,55
2024-03-13,66.1,39
2024-03-14,74.5,33
2024-03-15,82.8,71
2024-03-16,68.4,30
2024-03-17,54.1,32
2024-03-18,36.4,15
2024-03-19,68.6,54
2024-03-20,54.3,32
2024-03-21,59.9,45
2024-03-22,55.4,33
2024-03-23,74.1,43
2024-03-24,47.3,27
2024-03-25,62,38
2024-03-26,83,61
2024-03-27,75.9,55
2024-03-28,82.3,73
2024-03-29,82,58
2024-03-30,59,26
2024-03-31,40.9,20
2024-04-01,34.6,14
2024-04-02,47.4,22
2024-04-03,55.9,43
2024-04-04,57.4,44
2024-04-05,59.3,48
2024-04-06,58.1,27
2024-04-07,37.8,19
2024-04-08,59.8,31
2024-04-09,39.9,21
2024-04-10,69.6,33
2024-04-11,65,38
2024-04-12,68.1,45
2024-04-13,68,38
2024-04-14,54.1,24
2024-04-15,83.3,45
2024-04-16,94.1,85
2024-04-17,77.1,48
2024-04-18,65.9,32
2024-04-19,60.9,50
2024-04-20,78.5,61
2024-04-21,66.5,56
2024-04-22,52.5,38
2024-04-23,62,38
2024-04-24,83.8,66
2024-04-25,82,63
2024-04-26,74,39
2024-04-27,70.1,38
2024-04-28,69.5,46
2024-04-29,53.4,36
2024-04-30,76,64
2024-05-01,58.5,35
2024-05-02,60.9,30
2024-05-03,58.8,34
2024-05-04,51.3,31
2024-05-05,90.8,46
2024-05-06,98.3,95
2024-05-07,84.3,60
2024-05-08,63.8,41
2024-05-09,74,48
2024-05-10,62.1,36
2024-05-11,83.3,59
2024-05-12,72,48
2024-05-13,64.8,42
2024-05-14,56,35
2024-05-15,77.5,52
2024-05-16,71.4,39
2024-05-17,73.5,55
2024-05-18,72.3,60
2024-05-19,71.6,46
2024-05-20,82.8,72
2024-05-21,82.9,62
2024-05-22,82,65
2024-05-23,80.3,64
2024-05-24,85.5,74
2024-05-25,84.9,57
2024-05-26,80.3,55
2024-05-27,68.9,45
2024-05-28,57.5,33
2024-05-29,62.4,35
2024-05-30,57.5,41
2024-05-31,76.8,55
2024-06-01,67.4,42
2024-06-02,60.8,42
2024-06-03,55.1,33
2024-06-04,43.8,31
2024-06-05,65.9,48
2024-06-06,70.3,51
2024-06-07,65.1,46
2024-06-08,86.1,66
2024-06-09,78.9,50
2024-06-10,76.1,53
2024-06-11,80.9,67
2024-06-12,70.8,38
2024-06-13,70.6,44
2024-06-14,74,45
2024-06-15,81.6,64
2024-06-16,75.8,52
2024-06-17,69.1,44
2024-06-18,77.3,61
2024-06-19,68.8,44
2024-06-20,56.1,30
2024-06-21,67.3,53
2024-06-22,84.5,70
2024-06-23,83.6,70
2024-06-24,79.9,57
2024-06-25,67.3,47
2024-06-26,65.4,41
2024-06-27,66.9,46
2024-06-28,58.8,38
2024-06-29,69.9,50
2024-06-30,92.3,83
2024-07-01,78.5,62
2024-07-02,91.5,79
2024-07-03,89.8,79
2024-07-04,84.3,67
2024-07-05,85.1,77
2024-07-06,88,79
2024-07-07,88.6,73
2024-07-08,96.6,95
2024-07-09,94.3,90
2024-07-10,79.5,62
2024-07-11,87.9,78
2024-07-12,85.4,72
2024-07-13,82.3,67
2024-07-14,72.1,56
2024-07-15,70.6,58
2024-07-16,84.3,64
2024-07-17,95,90
2024-07-18,98,93
2024-07-19,93.8,81
2024-07-20,87.9,75
2024-07-21,89.8,81
2024-07-22,94.6,90
2024-07-23,95.5,91
2024-07-24,94.3,85
2024-07-25,84,70
2024-07-26,81.8,62
2024-07-27,80.6,73
2024-07-28,79.3,64
2024-07-29,91.4,87
2024-07-30,89.5,79
2024-07-31,82.6,72
2024-08-01,84.6,75
2024-08-02,88.4,81
2024-08-03,80.5,63
2024-08-04,75.3,54
2024-08-05,78,59
2024-08-06,80.3,67
2024-08-07,80.9,63
2024-08-08,86.1,69
2024-08-09,82,63
2024-08-10,76,62
2024-08-11,73.1,58
2024-08-12,74.4,61
2024-08-13,76,54
2024-08-14,79.9,66
2024-08-15,76,58
2024-08-16,72.8,57
2024-08-17,76.8,62
2024-08-18,77,65
2024-08-19,77.1,63
2024-08-20,70.9,52
2024-08-21,90.8,71
2024-08-22,86.1,75
2024-08-23,83.9,68
2024-08-24,80.4,66
2024-08-25,79.6,62
2024-08-26,83.5,71
2024-08-27,67.4,48
2024-08-28,60.3,45
2024-08-29,60.6,50
2024-08-30,69.1,53
2024-08-31,73.1,57
2024-09-01,73.3,51
2024-09-02,78,68
2024-09-03,58.6,45
2024-09-04,64.8,53
2024-09-05,85.6,71
2024-09-06,82,73
2024-09-07,76.9,58
2024-09-08,77.4,62
2024-09-09,74.1,59
2024-09-10,72,52
2024-09-11,77.1,53
2024-09-12,92.9,87
2024-09-13,93.9,86
2024-09-14,86.5,75
2024-09-15,77.3,65
2024-09-16,75.8,60
2024-09-17,81.6,66
2024-09-18,82.1,66
2024-09-19,80.4,66
2024-09-20,94.5,85
2024-09-21,83.1,71
2024-09-22,69.3,55
2024-09-23,57.8,41
2024-09-24,56.5,37
2024-09-25,65.8,53
2024-09-26,75.3,62
2024-09-27,73.9,55
2024-09-28,61.1,48
2024-09-29,62.9,48
2024-09-30,63.1,47
2024-10-01,68.8,40
2024-10-02,46.1,30
2024-10-03,58.5,38
2024-10-04,60.8,34
2024-10-05,58,37
2024-10-06,73.5,57
2024-10-07,73.5,58
2024-10-08,73.6,54
2024-10-09,62.4,44
2024-10-10,67,51
2024-10-11,70.3,38
2024-10-12,64.4,43
2024-10-13,64.6,47
2024-10-14,66.6,51
2024-10-15,86.5,75
2024-10-16,81.8,64
2024-10-17,70.9,51
2024-10-18,86.1,69
2024-10-19,75.5,58
2024-10-20,52.6,38
2024-10-21,65.1,53
2024-10-22,88.5,76
2024-10-23,71.4,59
2024-10-24,69.4,53
2024-10-25,67,29
2024-10-26,66.6,43
2024-10-27,78.4,69
2024-10-28,77.5,64
2024-10-29,66.5,48
2024-10-30,75.9,50
2024-10-31,71.4,45
2024-11-01,69.9,54
2024-11-02,62.6,44
2024-11-03,74.4,51
2024-11-04,63.3,38
2024-11-05,46.6,25
2024-11-06,44.5,28
2024-11-07,45.3,29
2024-11-08,49.3,33
2024-11-09,56.6,40
2024-11-10,68.4,52
2024-11-11,66.8,47
2024-11-12,69.5,54
2024-11-13,66.8,43
2024-11-14,66.9,58
2024-11-15,65.9,47
2024-11-16,76.4,47
2024-11-17,43.3,29
2024-11-18,31.1,23
2024-11-19,52.5,40
2024-11-20,64.3,36
2024-11-21,74.9,52
2024-11-22,46.6,31
2024-11-23,46.9,29
2024-11-24,57.6,47
2024-11-25,55,45
2024-11-26,83.9,57
2024-11-27,94.8,79
2024-11-28,84,72
2024-11-29,75.8,58
2024-11-30,76.9,59
2024-12-01,87.8,74
2024-12-02,79.9,55
2024-12-03,50.6,29
2024-12-04,55.6,31
2024-12-05,63.4,36
2024-12-06,52.4,43
2024-12-07,57.4,46
2024-12-08,46.8,31
2024-12-09,53.9,38
2024-12-10,57.5,37
2024-12-11,49.1,37
2024-12-12,43.1,30
2024-12-13,45.1,31
2024-12-14,51.3,44
2024-12-15,57.9,38
2024-12-16,58.5,42
2024-12-17,47.8,35
2024-12-18,45.9,37
2024-12-19,53.6,32
2024-12-20,65.8,52
2024-12-21,72.1,50
2024-12-22,52.1,39
2024-12-23,58.9,41
2024-12-24,52.5,34
2024-12-25,67.8,60
2024-12-26,59.6,46
2024-12-27,50.8,39
2024-12-28,50.8,39
2024-12-29,56.3,33
2024-12-30,70.8,59
2024-12-31,45.9,32
2025-01-01,63.1,45
2025-01-02,46.4,23
2025-01-03,50.8,24
2025-01-04,46.4,32
2025-01-05,87.5,58
2025-01-06,76.1,52
2025-01-07,53.5,36
2025-01-08,57.6,42
2025-01-09,42.5,31
2025-01-10,53.3,42
2025-01-11,60.9,39
2025-01-12,62.3,41
2025-01-13,72.5,59
2025-01-14,74.3,39
2025-01-15,42.5,25
2025-01-16,63.6,48
2025-01-17,54.1,38
2025-01-18,55.1,25
2025-01-19,67.6,54
2025-01-20,81.1,58
2025-01-21,85.3,66
2025-01-22,84.5,58
2025-01-23,58.1,31
2025-01-24,50.4,23
2025-01-25,53.6,37
2025-01-26,49,34
2025-01-27,76.9,46
2025-01-28,80.4,69
2025-01-29,66.1,49
2025-01-30,45.3,30
2025-01-31,81,40
2025-02-01,69.3,47
2025-02-02,69,44
2025-02-03,54.8,37
2025-02-04,58,45
2025-02-05,49.4,35
2025-02-06,62,40
2025-02-07,61.8,45
2025-02-08,54.4,44
2025-02-09,65.3,47
2025-02-10,66.5,45
2025-02-11,61.8,40
2025-02-12,77.9,45
2025-02-13,58.6,40
2025-02-14,80.3,61
2025-02-15,81.6,61
2025-02-16,78.6,48
2025-02-17,45.4,32
2025-02-18,41.5,30
2025-02-19,45.6,26
2025-02-20,47.4,29
2025-02-21,47.6,29
2025-02-22,51,33
2025-02-23,47.8,36
2025-02-24,54.6,32
2025-02-25,77.6,60
2025-02-26,58,17
2025-02-27,37,17
2025-02-28,64.9,27
2025-03-01,82.1,62
2025-03-02,70.8,29
2025-03-03,64.3,46
2025-03-04,69.9,49
2025-03-05,66.5,54
2025-03-06,56.4,40
2025-03-07,53,29
2025-03-08,64.5,24
2025-03-09,80.6,51
2025-03-10,69.4,47
2025-03-11,65.3,43
2025-03-12,81.1,50
2025-03-13,66.3,27
